G.conirostris_Espanola,G.conirostris_Espanola1,A,TGATTATGGATTTTCTGAGCGAGAAGTTTGCCCCCCCCTGAAGAGCCAGCCGAGCAAGAACAGTGACTTTTATATGGGAGCAGGAGGCAGTTTGGAGCACGTTATGGAAACTTTGGACAATGAGTCCTTTTATAGCAAAACGTCAGGCAGCAAATGCGTGCAGGCCTTCAACCCTCTGCAAAGAGCGGAGCATCATGTGAGGCTGGAGAGGACATCACCCTGCCAGGACACNAACGGGAACTACGGGATTACTAAAGTGGAAGGACAGCCTCTTCACACAGAGCTGAGCAGGCCCATGGACAATTGCAACAATCTCAGGATGTCTCCAGTGAAAGGGCCGCAGGAGAAGGGGGACCTGGATGAACTTGGTGATAAGTGTGACAGCAATGTCTCCAGCAGTAAGAAGAGGAGACACAGAACAACTTTCACCAGTTTGCAGCTGGAGGAACTGGAGAAAGTATTCCAGAAAACTCACTACCCTGATGTCTATGTAAGAGAACAGCTAGCTCTGAGAACAGAGCTCACTGAGGCCAGAGTCCAGGTTTGGTTCCAGAATCGAAGAGCAAAATGGAGAAAAAGAGAACGCTATGGTCAGATCCAGCAAGCCAAGAGCCACTTTGCTGCCACCTATGATGTATCTGTTCTTCCAAGGACTGACAGCTACCCTCAGGTTCAGAACAATCTGTGGGCAGGGAATGCGGCCAGTGGTTCTGTGGTTACCTCCTGCATGCTGCCACGAGATACGTCCTCCTGTATGACACCTTACTCCCATTCACCCCGGACAGATTCTGGCTACACAGGCTTTTCAAACCACCAGAATCAATTTAGCCACATGCCCCTCAATAATTTTTTCACTGACTCATTGCTTTCTGGGGCAACCAATGGACATGCTTTTGAAACCAAGCCAGAGTTTGAAAGGAGGTCCTCCAGCATTGCAGTTCTACGGATGAAAGCCAAAGAGCATGCTGCCAATATTTCTTGGGCCATGTAATATAGCAGTACCTTCTCTTTTTTTTTTTTAAAGCAAACTAAAACCATTTTTATTTCCCATATTTAAAGGGAACAACAATAAGCTGCTGTGTGTGGAATGCTAGAAATCACAATATACACGATGTCTGCTTTAAGAAATGCAATATAATATTTAACAATAAACCAAGAATAAACCAAATAGATTTACCATGCATCAAGCTCAACAAGCCCTCTTTGTTTTGCTTTTTATATATGTTTTGTTGTACCAGTTGATGAAATATGATTATAGAACCTGAAAAAAAATAAAACTACTAAGCAA,0.335,blunt
G.conirostris_Espanola,G.conirostris_Espanola1,B,TGATTATGGATTTTCTGAGCGAGAAGTTTGCCCCCCCCTGAAGAGCCAGCCGAGCAAGAACAGTGACTTTTATATGGGAGCAGGAGGCAGTTTGGAGCACGTTATGGAAACTTTGGACAATGAGTCCTTTTATAGCAAAACGTCAGGCAGCAAATGCGTGCAGGCCTTCAACCCTCTGCAAAGAGCGGAGCATCATGTGAGGCTGGAGAGGACATCACCCTGCCAGGACACNAACGGGAACTACGGGATTACTAAAGTGGAAGGACAGCCTCTTCACACAGAGCTGAGCAGGCCCATGGACAATTGCAACAATCTCAGGATGTCTCCAGTGAAAGGGCCGCAGGAGAAGGGGGACCTGGATGAACTTGGTGATAAGTGTGACAGCAATGTCTCCAGCAGTAAGAAGAGGAGACACAGAACAACTTTCACCAGTTTGCAGCTGGAGGAACTGGAGAAAGTATTCCAGAAAACTCACTACCCTGATGTCTATGTAAGAGAACAGCTAGCTCTGAGAACAGAGCTCACTGAGGCCAGAGTCCAGGTTTGGTTCCAGAATCGAAGAGCAAAATGGAGAAAAAGAGAACGCTATGGTCAGATCCAGCAAGCCAAGAGCCACTTTGCTGCCACCTATGATGTATCTGTTCTTCCAAGGACTGACAGCTACCCTCAGGTTCAGAACAATCTGTGGGCAGGGAATGCGGCCAGTGGTTCTGTGGTTACCTCCTGCATGCTGCCACGAGATACGTCCTCCTGTATGACACCTTACTCCCATTCACCCCGGACAGATTCTGGCTACACAGGCTTTTCAAACCACCAGAATCAATTTAGCCACATGCCCCTCAATAATTTTTTCACTGACTCATTGCTTTCTGGGGCAACCAATGGACATGCTTTTGAAACCAAGCCAGAGTTTGAAAGGAGGTCCTCCAGCATTGCAGTTCTACGGATGAAAGCCAAAGAGCATGCTGCCAATATTTCTTGGGCCATGTAATATAGCAGTACCTTCTCTTTTTTTTTTTTAAAGCAAACTAAAACCATTTTTATTTCCCATATTTAAAGGGAACAACAATAAGCTGCTGTGTGTGGAATGCTAGAAATCACAATATACACGATGTCTGCTTTAAGAAATGCAATATAATATTTAACAATAAACCAAGAATAAACCAAATAGATTTACCATGCATCAAGCTCAACAAGCCCTCTTTGTTTTGCTTTTTATATATGTTTTGTTGTACCAGTTGATGAAATATGATTATAGAACCTGAAAAAAAATAAAACTACTAAGCAA,0.43,blunt
G.conirostris_Espanola,G.conirostris_Espanola10,A,TGATTATGGATTTTCTGAGCGAGAAGTTTGCCCCCCCCTGAAGAGCCAGCCGAGCAAGAACAGTGACTTTTATATGGGAGCAGGAGGCAGTTTGGAGCACGTTATGGAAACTTTGGACAATGAGTCCTTTTATAGCAAAACGTCAGGCAGCAAATGCGTGCAGGCCTTCAACCCTCTGCAAAGAGCGGAGCATCATGTGAGGCTGGAGAGGACATCACCCTGCCAGGACACGAACGGGAACTACGGGATTACTAAAGTGGAAGGACAGCCTCTTCACACAGAGCTGAGCAGGCCCATGGACAATTGCAACAATCTCAGGATGTCTCCAGTGAAAGGGCCGCAGGAGAAGGGGGACCTGGATGAACTTGGTGATAAGTGTGACAGCAATGTCTCCAGCAGTAAGAAGAGGAGACACAGAACAACTTTCACCAGTTTGCAGCTGGAGGAACTGGAGAAAGTATTCCAGAAAACTCACTACCCTGATGTCTATGTAAGAGAACAGCTAGCTCTGAGAACAGAGCTCACTGAGGCCAGAGTCCAGGTTTGGTTCCAGAATCGAAGAGCAAAATGGAGAAAAAGAGAACGCTATGGTCAGATCCAGCAAGCCAAGAGCCACTTTGCTGCCACCTATGATGTATCTGTTCTTCCAAGGACTGACAGCTACCCTCAGGTTCAGAACAATCTGTGGGCAGGGAATGCGGCCAGTGGTTCTGTGGTTACCTCCTGCATGCTGCCACGAGATACGTCCTCCTGTATGACACCTTACTCCCATTCACCCCGGACAGATTCTGGCTACACAGGCTTTTCAAACCACCAGAATCAATTTAGCCACATGCCCCTCAATAATTTTTTCACTGACTCATTGCTTTCTGGGGCAACCAATGGACATGCTTTTGAAACCAAGCCAGAGTTTGAAAGGAGGTCCTCCAGCATTGCAGTTCTACGGATGAAAGCCAAAGAGCATGCTGCCAATATTTCTTGGGCCATGTAATATAGCAGTACCTTCTCTTTTTTTTTTTTAAAGCAAACTAAAACCATTTTTATTTCCCATATTTAAAGGGAACAACAATAAGCTGCTGTGTGTGGAATGCTAGAAATCACAATATACACGATGTCTGCTTTAAGAAATGCAATATAATATTTAACAATAAACCAAGAATAAACCAAATAGATTTACCATGCATCAAGCTCAACAAGCCCTCTTTGTTTTGCTTTTTATATATGTTTTGTTGTACCAGTTGATGAAATATGATTATAGAACCTGAAAAAAAATAAAACTACTAAGCAA,0.1,blunt
G.conirostris_Espanola,G.conirostris_Espanola10,B,TGATTATGGATTTTCTGAGCGAGAAGTTTGCCCCCCCCTGAAGAGCCAGCCGAGCAAGAACAGTGACTTTTATATGGGAGCAGGAGGCAGTTTGGAGCACGTTATGGAAACTTTGGACAATGAGTCCTTTTATAGCAAAACGTCAGGCAGCAAATGCGTGCAGGCCTTCAACCCTCTGCAAAGAGCGGAGCATCATGTGAGGCTGGAGAGGACATCACCCTGCCAGGACACGAACGGGAACTACGGGATTACTAAAGTGGAAGGACAGCCTCTTCACACAGAGCTGAGCAGGCCCATGGACAATTGCAACAATCTCAGGATGTCTCCAGTGAAAGGGCCGCAGGAGAAGGGGGACCTGGATGAACTTGGTGATAAGTGTGACAGCAATGTCTCCAGCAGTAAGAAGAGGAGACACAGAACAACTTTCACCAGTTTGCAGCTGGAGGAACTGGAGAAAGTATTCCAGAAAACTCACTACCCTGATGTCTATGTAAGAGAACAGCTAGCTCTGAGAACAGAGCTCACTGAGGCCAGAGTCCAGGTTTGGTTCCAGAATCGAAGAGCAAAATGGAGAAAAAGAGAACGCTATGGTCAGATCCAGCAAGCCAAGAGCCACTTTGCTGCCACCTATGATGTATCTGTTCTTCCAAGGACTGACAGCTACCCTCAGGTTCAGAACAATCTGTGGGCAGGGAATGCGGCCAGTGGTTCTGTGGTTACCTCCTGCATGCTGCCACGAGATACGTCCTCCTGTATGACACCTTACTCCCATTCACCCCGGACAGATTCTGGCTACACAGGCTTTTCAAACCACCAGAATCAATTTAGCCACATGCCCCTCAATAATTTTTTCACTGACTCATTGCTTTCTGGGGCAACCAATGGACATGCTTTTGAAACCAAGCCAGAGTTTGAAAGGAGGTCCTCCAGCATTGCAGTTCTACGGATGAAAGCCAAAGAGCATGCTGCCAATATTTCTTGGGCCATGTAATATAGCAGTACCTTCTCTTTTTTTTTTTTAAAGCAAACTAAAACCATTTTTATTTCCCATATTTAAAGGGAACAACAATAAGCTGCTGTGTGTGGAATGCTAGAAATCACAATATACACGATGTCTGCTTTAAGAAATGCAATATAATATTTAACAATAAACCAAGAATAAACCAAATAGATTTACCATGCATCAAGCTCAACAAGCCCTCTTTGTTTTGCTTTTTATATATGTTTTGTTGTACCAGTTGATGAAATATGATTATAGAACCTGAAAAAAAATAAAACTACTAAGCAA,-0.074,blunt
G.conirostris_Espanola,G.conirostris_Espanola2,A,TGATTATGGATTTTCTGAGCGAGAAGTTTGCCCCCCCCTGAAGAGCCAGCCGAGCAAGAACAGTGACTTTTATATGGGAGCAGGAGGCAGTTTGGAGCACGTTATGGAAACTTTGGACAATGAGTCCTTTTATAGCAAAACGTCAGGCAGCAAATGCGTGCAGGCCTTCAACCCTCTGCAAAGAGCGGAGCATCATGTGAGGCTGGAGAGGACATCNCCCTGCCAGGACACGAACGGGAACTACGGGATTACTAAAGTGGAAGGACAGCCTCTTCACACAGAGCTGAGCAGGCCCATGGACAATTGCAACAATCTCAGGATGTCTCCAGTGAAAGGGCCGCAGGAGAAGGGGGACCTGGATGAACTTGGTGATAAGTGTGACAGCAATGTCTCCAGCAGTAAGAAGAGGAGACACAGAACAACTTTCACCAGTTTGCAGCTGGAGGAACTGGAGAAAGTATTCCAGAAAACTCACTACCCTGATGTCTATGTAAGAGAACAGCTAGCTCTGAGAACAGAGCTCACTGAGGCCAGAGTCCAGGTTTGGTTCCAGAATCGAAGAGCAAAATGGAGAAAAAGAGAACGCTATGGTCAGATCCAGCAAGCCAAGAGCCACTTTGCTGCCACCTATGATGTATCTGTTCTTCCAAGGACTGACAGCTACCCTCAGGTTCAGAACAATCTGTGGGCAGGGAATGCGGCCAGTGGTTCTGTGGTTACCTCCTGCATGCTGCCACGAGATACGTCCTCCTGTATGACACCTTACTCCCATTCACCCCGGACAGATTCTGGCTACACAGGCTTTTCAAACCACCAGAATCAATTTAGCCACATGCCCCTCAATAATTTTTTCACTGACTCATTGCTTTCTGGGGCAACCAATGGACATGCTTTTGAAACCAAGCCAGAGTTTGAAAGGAGGTCCTCCAGCATTGCAGTTCTACGGATGAAAGCCAAAGAGCATGCTGCCAATATTTCTTGGGCCATGTAATATAGCAGTACCTTCTCTTTTTTTTTTTTAAAGCAAACTAAAACCATTTTTATTTCCCATATTTAAAGGGAACAACAATAAGCTGCTGTGTGTGGAATGCTAGAAATCACAATATACACGATGTCTGCTTTAAGAAATGCAATATAATATTTAACAATAAACCAAGAATAAACCAAATAGATTTACCATGCATCAAGCTCAACAAGCCCTCTTTGTTTTGCTTTTTATATATGTTTTGTTGTACCAGTTGATGAAATATGATTATAGAACCTGAAAAAAAATAAAACTACTAAGCAA,0.091,blunt
G.conirostris_Espanola,G.conirostris_Espanola2,B,TGATTATGGATTTTCTGAGCGAGAAGTTTGCCCCCCCCTGAAGAGCCAGCCGAGCAAGAACAGTGACTTTTATATGGGAGCAGGAGGCAGTTTGGAGCACGTTATGGAAACTTTGGACAATGAGTCCTTTTATAGCAAAACGTCAGGCAGCAAATGCGTGCAGGCCTTCAACCCTCTGCAAAGAGCGGAGCATCATGTGAGGCTGGAGAGGACATCNCCCTGCCAGGACACGAACGGGAACTACGGGATTACTAAAGTGGAAGGACAGCCTCTTCACACAGAGCTGAGCAGGCCCATGGACAATTGCAACAATCTCAGGATGTCTCCAGTGAAAGGGCCGCAGGAGAAGGGGGACCTGGATGAACTTGGTGATAAGTGTGACAGCAATGTCTCCAGCAGTAAGAAGAGGAGACACAGAACAACTTTCACCAGTTTGCAGCTGGAGGAACTGGAGAAAGTATTCCAGAAAACTCACTACCCTGATGTCTATGTAAGAGAACAGCTAGCTCTGAGAACAGAGCTCACTGAGGCCAGAGTCCAGGTTTGGTTCCAGAATCGAAGAGCAAAATGGAGAAAAAGAGAACGCTATGGTCAGATCCAGCAAGCCAAGAGCCACTTTGCTGCCACCTATGATGTATCTGTTCTTCCAAGGACTGACAGCTACCCTCAGGTTCAGAACAATCTGTGGGCAGGGAATGCGGCCAGTGGTTCTGTGGTTACCTCCTGCATGCTGCCACGAGATACGTCCTCCTGTATGACACCTTACTCCCATTCACCCCGGACAGATTCTGGCTACACAGGCTTTTCAAACCACCAGAATCAATTTAGCCACATGCCCCTCAATAATTTTTTCACTGACTCATTGCTTTCTGGGGCAACCAATGGACATGCTTTTGAAACCAAGCCAGAGTTTGAAAGGAGGTCCTCCAGCATTGCAGTTCTACGGATGAAAGCCAAAGAGCATGCTGCCAATATTTCTTGGGCCATGTAATATAGCAGTACCTTCTCTTTTTTTTTTTTAAAGCAAACTAAAACCATTTTTATTTCCCATATTTAAAGGGAACAACAATAAGCTGCTGTGTGTGGAATGCTAGAAATCACAATATACACGATGTCTGCTTTAAGAAATGCAATATAATATTTAACAATAAACCAAGAATAAACCAAATAGATTTACCATGCATCAAGCTCAACAAGCCCTCTTTGTTTTGCTTTTTATATATGTTTTGTTGTACCAGTTGATGAAATATGATTATAGAACCTGAAAAAAAATAAAACTACTAAGCAA,0.215,blunt
G.conirostris_Espanola,G.conirostris_Espanola3,A,TGATTATGGATTTTCTGAGCGAGAAGTTTGCCCCCCCCTGAANAGCCAGCCGAGCAAGAACAGTGACTTTTATATGGGAGCAGGAGGCAGTTTGGAGCACGTTATGGAAACTTTGGACAATGAGTCCTTTTATAGCAAAACGTCAGGCAGCAAATGCGTGCAGGCCTTCAACNCTCTGCAAAGAGCGGAGCATCATGTGAGGCTGGAGAGGACATCACCCTGCCAGGACACGAACGGGAACTACGGGATTACTAAAGTGGAAGGACAGCCTCTTCACACAGAGCTGAGCAGGCCCATGGACAATTGCAACAATCTCAGGATGTCTCCAGTGAAAGGGCCGCAGGAGAAGGGGGACCTGGATGAACTTGGTGATAAGTGTGACAGCAATGTCTCCAGCAGTAAGAAGAGGAGACACAGAACAACTTTCACCAGTTTGCAGCTGGAGGAACTGGAGAAAGTATTCCAGAAAACTCACTACCCTGATGTCTATGTAAGAGAACAGCTAGCTCTGAGAACAGAGCTCACTGAGGCCAGAGTCCAGGTTTGGTTCCAGAATCGAAGAGCAAAATGGAGAAAAAGAGAACGCTATGGTCAGATCCAGCAAGCCAAGAGCCACTTTGCTGCCACCTATGATGTATCTGTTCTTCCAAGGACTGACAGCTACCCTCAGGTTCAGAACAATCTGTGGGCAGGGAATGCGGCCAGTGGTTCTGTGGTTACCTCCTGCATGCTGCCACGAGATACGTCCTCCTGTATGACACCTTACTCCCATTCACCCCGGACAGATTCTGGCTACACAGGCTTTTCAAACCACCAGAATCAATTTAGCCACATGCCCCTCAATAATTTTTTCACTGACTCATTGCTTTCTGGGGCAACCAATGGACATGCTTTTGAAACCAAGCCAGAGTTTGAAAGGAGGTCCTCCAGCATTGCAGTTCTACGGATGAAAGCCAAAGAGCATGCTGCCAATATTTCTTGGGCCATGTAATATAGCAGTACCTTCTCTTTTTTTTTTTTNAAGCAAACTAAAACCATTTTTATTTCCCATATTTAAAGGGAACAACAATAAGCTGCTGTGTGTGGAATGCTAGAAATCACAATATACACGATGTCTGCTTTAAGAAATGCAATATAATATTTAACAATAAACCAAGAATAAACCAAATAGATTTACCATGCATCAAGCTCAACAAGCCCTCTTTGTTTTGCTTTTTATATATGTTTTGTTGTACCAGTTGATGAAATATGATTATAGAACCTGAAAAAAAATAAAACTACTAAGCAA,0.037,blunt
G.conirostris_Espanola,G.conirostris_Espanola3,B,TGATTATGGATTTTCTGAGCGAGAAGTTTGCCCCCCCCTGAANAGCCAGCCGAGCAAGAACAGTGACTTTTATATGGGAGCAGGAGGCAGTTTGGAGCACGTTATGGAAACTTTGGACAATGAGTCCTTTTATAGCAAAACGTCAGGCAGCAAATGCGTGCAGGCCTTCAACNCTCTGCAAAGAGCGGAGCATCATGTGAGGCTGGAGAGGACATCACCCTGCCAGGACACGAACGGGAACTACGGGATTACTAAAGTGGAAGGACAGCCTCTTCACACAGAGCTGAGCAGGCCCATGGACAATTGCAACAATCTCAGGATGTCTCCAGTGAAAGGGCCGCAGGAGAAGGGGGACCTGGATGAACTTGGTGATAAGTGTGACAGCAATGTCTCCAGCAGTAAGAAGAGGAGACACAGAACAACTTTCACCAGTTTGCAGCTGGAGGAACTGGAGAAAGTATTCCAGAAAACTCACTACCCTGATGTCTATGTAAGAGAACAGCTAGCTCTGAGAACAGAGCTCACTGAGGCCAGAGTCCAGGTTTGGTTCCAGAATCGAAGAGCAAAATGGAGAAAAAGAGAACGCTATGGTCAGATCCAGCAAGCCAAGAGCCACTTTGCTGCCACCTATGATGTATCTGTTCTTCCAAGGACTGACAGCTACCCTCAGGTTCAGAACAATCTGTGGGCAGGGAATGCGGCCAGTGGTTCTGTGGTTACCTCCTGCATGCTGCCACGAGATACGTCCTCCTGTATGACACCTTACTCCCATTCACCCCGGACAGATTCTGGCTACACAGGCTTTTCAAACCACCAGAATCAATTTAGCCACATGCCCCTCAATAATTTTTTCACTGACTCATTGCTTTCTGGGGCAACCAATGGACATGCTTTTGAAACCAAGCCAGAGTTTGAAAGGAGGTCCTCCAGCATTGCAGTTCTACGGATGAAAGCCAAAGAGCATGCTGCCAATATTTCTTGGGCCATGTAATATAGCAGTACCTTCTCTTTTTTTTTTTTNAAGCAAACTAAAACCATTTTTATTTCCCATATTTAAAGGGAACAACAATAAGCTGCTGTGTGTGGAATGCTAGAAATCACAATATACACGATGTCTGCTTTAAGAAATGCAATATAATATTTAACAATAAACCAAGAATAAACCAAATAGATTTACCATGCATCAAGCTCAACAAGCCCTCTTTGTTTTGCTTTTTATATATGTTTTGTTGTACCAGTTGATGAAATATGATTATAGAACCTGAAAAAAAATAAAACTACTAAGCAA,0.07,blunt
G.conirostris_Espanola,G.conirostris_Espanola4,A,TGATTATGGATTTTCTGAGCGAGAAGTTTGCCCCCCCCTGAAGAGCCAGCCGAGCAAGAACAGTGACTTTTATATGGGAGCAGGAGGCAGTTTGGAGCACGTTATGGAAACTTTGGACAATGAGTCCTTTTATAGCAAAACGTCAGGCAGCAAATGCGTGCAGGCCTTCAACCCTCTGCAAAGAGCGGAGCATCATGTGAGGCTGGAGAGGACATCNCCCTGCCAGGACACGAACGGGAACTACGGGATTACTAAAGTGGAAGGACAGCCTCTTCACACAGAGCTGAGCAGGCCCATGGACAATTGCAACAATCTCAGGATGTCTCCAGTGAAAGGGCCGCAGGAGAAGGGGGACCTGGATGAACTTGGTGATAAGTGTGACAGCAATGTCTCCAGCAGTAAGAAGAGGAGACACAGAACAACTTTCACCAGTTTGCAGCTGGAGGAACTGGAGAAAGTATTCCAGAAAACTCACTACCCTGATGTCTATGTAAGAGAACAGCTAGCTCTGAGAACAGAGCTCACTGAGGCCAGAGTCCAGGTTTGGTTCCAGAATCGAAGAGCAAAATGGAGAAAAAGAGAACGCTATGGTCAGATCCAGCAAGCCAAGAGCCACTTTGCTGCCACCTATGATGTATCTGTTCTTCCAAGGACTGACAGCTACCCTCAGGTTCAGAACAATCTGTGGGCAGGGAATGCGGCCAGTGGTTCTGTGGTTACCTCCTGCATGCTGCCACGAGATACGTCCTCCTGTATGACACCTTACTCCCATTCACCCCGGACAGATTCTGGCTACACAGGCTTTTCAAACCACCAGAATCAATTTAGCCACATGCCCCTCAATAATTTTTTCACTGACTCATTGCTTTCTGGGGCAACCAATGGACATGCTTTTGAAACCAAGCCAGAGTTTGAAAGGAGGTCCTCCAGCATTGCAGTTCTACGGATGAAAGCCAAAGAGCATGCTGCCAATATTTCTTGGGCCATGTAATATAGCAGTACCTTCTCTTTTTTTTTTTTAAAGCAAACTAAAACCATTTTTATTTCCCATATTTAAAGGGAACAACAATAAGCTGCTGTGTGTGGAATGCTAGAAATCACAATATACACGATGTCTGCTTTAAGAAATGCAATATAATATTTAACAATAAACCAAGAATAAACCAAATAGATTTACCATGCATCAAGCTCAACAAGCCCTCTTTGTTTTGCTTTTTATATATGTTTTGTTGTACCAGTTGATGAAATATGATTATAGAACCTGAAAAAAAATAAAACTACTAAGCAA,-0.163,blunt
G.conirostris_Espanola,G.conirostris_Espanola4,B,TGATTATGGATTTTCTGAGCGAGAAGTTTGCCCCCCCCTGAAAAGCCAGCCGAGCAAGAACAGTGACTTTTATATGGGAGCAGGAGGCAGTTTGGAGCACGTTATGGAAACTTTGGACAATGAGTCCTTTTATAGCAAAACGTCAGGCAGCAAATGCGTGCAGGCCTTCAACCCTCTGCAAAGAGCGGAGCATCATGTGAGGCTGGAGAGGACATCNCCCTGCCAGGACACGAACGGGAACTACGGGATTACTAAAGTGGAAGGACAGCCTCTTCACACAGAGCTGAGCAGGCCCATGGACAATTGCAACAATCTCAGGATGTCTCCAGTGAAAGGGCTGCAGGAGAAGAGGGACCTGGATGAACTTGGTGATAAGTGTGACAGCAATGTCTCCAGCAGTAAGAAGAGGAGACACAGAACAACTTTCACCAGTTTGCAGCTGGAGGAACTGGAGAAAGTATTCCAGAAAACTCACTACCCTGATGTCTATGTAAGAGAACAGCTAGCTCTGAGAACAGAGCTCACTGAGGCCAGAGTCCAGGTTTGGTTCCAGAATCGAAGAGCAAAATGGAGAAAAAGAGAACGCTATGGTCAGATCCAGCAAGCCAAGAGCCACTTTGCTGCCACCTATGATATATCTGTTCTTCCAAGGACTGACAGCTACCCTCAGGTTCAGAACAATCTGTGGGCAGGGAATGCGGCCAGTGGTTCTGTGGTTACCTCCTGCATGCTGCCACGAGATACGTCCTCCTGTATGACACCTTACTCCCATTCACCCCGGACAGATTCTGGCTACACAGGCTTTTCAAACCACCAGAATCAATTTAGCCACATGCCCCTCAATAATTTTTTCACTGACTCATTGCTTTCTGGGGCAACCAATGGACATGCTTTTGAAACCAAGCCAGAGTTTGAAAGGAGGTCCTCCAGCATTGCAGTTCTACGGATGAAAGCCAAAGAGCATGCTGCCAATATTTCTTGGGCCATGTAATATAGCAGTACCTTCTCTTTTTTTTTTTTAAAGCAAACTAAAACCATTTTTATTTCCCATATTTAAAGGGAACAACAATAAGCTGCTGTGTGTGGAATGCTAGAAATCACAATATACACGATGTCTGCTTTAAGAAATGCAATATAATATTTAACAATAAACCAAGAATAAACCAAATAGATTTACCATGCATCAAGCTCAACAAGCCCTCTTTGTTTTGCTTTTTATATATGTTTTGTTGTACCAGTTGATGAAATATGATTATAGAACCTGAAAAAAAATAAAACTACTAAGCAA,0.46,blunt
G.conirostris_Espanola,G.conirostris_Espanola5,A,TGATTATGGATTTTCTGAGCGAGAAGTTTGCCCCCCCCTGAAGAGCCAGCCGAGCAAGAACAGTGACTTTTATATGGGAGCAGGAGGCAGTTTGGAGCACGTTATGGAAACTTTGGACAATGAGTCCTTTTATAGCAAAACGTCAGGCAGCAAATGCGTGCAGGCCTTCAACCCTCTGCAAAGAGCGGAGCATCATGTGAGGCTGGAGAGGACATCACCCTGCCAGGACACGAACGGGAACTACGGGATTACTAAAGTGGAAGGACAGCCTCTTCACACAGAGCTGAGCAGGCCCATGGACAATTGCAACAATCTCAGGATGTCTCCAGTGAAAGGGCCGCAGGAGAAGGGGGACCTGGATGAACTTGGTGATAAGTGTGACAGCAATGTCTCCAGCAGTAAGAAGAGGAGACACAGAACAACTTTCACCAGTTTGCAGCTGGAGGAACTGGAGAAAGTATTCCAGAAAACTCACTACCCTGATGTCTATGTAAGAGAACAGCTAGCTCTGAGAACAGAGCTCACTGAGGCCAGAGTCCAGGTTTGGTTCCAGAATCGAAGAGCAAAATGGAGAAAAAGAGAACGCTATGGTCAGATCCAGCAAGCCAAGAGCCACTTTGCTGCCACCTATGATGTATCTGTTCTTCCAAGGACTGACAGCTACCCTCAGGTTCAGAACAATCTGTGGGCAGGGAATGCGGCCAGTGGTTCTGTGGTTACCTCCTGCATGCTGCCACGAGATACGTCCTCCTGTATGACACCTTACTCCCATTCACCCCGGACAGATTCTGGCTACACAGGCTTTTCAAACCACCAGAATCAATTTAGCCACATGCCCCTCAATAATTTTTTCACTGACTCATTGCTTTCTGGGGCAACCAATGGACATGCTTTTGAAACCAAGCCAGAGTTTGAAAGGAGGTCCTCCAGCATTGCAGTTCTACGGATGAAAGCCAAAGAGCATGCTGCCAATATTTCTTGGGCCATGTAATATAGCAGTACCTTCTCTTTTTTTTTTTTAAAGCAAACTAAAACCATTTTTATTTCCCATATTTAAAGGGAACAACAATAAGCTGCTGTGTGTGGAATGCTAGAAATCACAATATACACGATGTCTGCTTTAAGAAATGCAATATAATATTTAACAATAAACCAAGAATAAACCAAATAGATTTACCATGCATCAAGCTCAACAAGCCCTCTTTGTTTTGCTTTTTATATATGTTTTGTTGTACCAGTTGATGAAATATGATTATAGAACCTGAAAAAAAATAAAACTACTAAGCAA,-0.07,blunt
G.conirostris_Espanola,G.conirostris_Espanola5,B,TGATTATGGATTTTCTGAGCGAGAAGTTTGCCCCCCCCTGAAGAGCCAGCCGAGCAAGAACAGTGACTTTTATATGGGAGCAGGAGGCAGTTTGGAGCACGTTATGGAAACTTTGGACAATGAGTCCTTTTATAGCAAAACGTCAGGCAGCAAATGCGTGCAGGCCTTCAACCCTCTGCAAAGAGCGGAGCATCATGTGAGGCTGGAGAGGACATCACCCTGCCAGGACACGAACGGGAACTACGGGATTACTAAAGTGGAAGGACAGCCTCTTCACACAGAGCTGAGCAGGCCCATGGACAATTGCAACAATCTCAGGATGTCTCCAGTGAAAGGGCCGCAGGAGAAGGGGGACCTGGATGAACTTGGTGATAAGTGTGACAGCAATGTCTCCAGCAGTAAGAAGAGGAGACACAGAACAACTTTCACCAGTTTGCAGCTGGAGGAACTGGAGAAAGTATTCCAGAAAACTCACTACCCTGATGTCTATGTAAGAGAACAGCTAGCTCTGAGAACAGAGCTCACTGAGGCCAGAGTCCAGGTTTGGTTCCAGAATCGAAGAGCAAAATGGAGAAAAAGAGAACGCTATGGTCAGATCCAGCAAGCCAAGAGCCACTTTGCTGCCACCTATGATGTATCTGTTCTTCCAAGGACTGACAGCTACCCTCAGGTTCAGAACAATCTGTGGGCAGGGAATGCGGCCAGTGGTTCTGTGGTTACCTCCTGCATGCTGCCACGAGATACGTCCTCCTGTATGACACCTTACTCCCATTCACCCCGGACAGATTCTGGCTACACAGGCTTTTCAAACCACCAGAATCAATTTAGCCACATGCCCCTCAATAATTTTTTCACTGACTCATTGCTTTCTGGGGCAACCAATGGACATGCTTTTGAAACCAAGCCAGAGTTTGAAAGGAGGTCCTCCAGCATTGCAGTTCTACGGATGAAAGCCAAAGAGCATGCTGCCAATATTTCTTGGGCCATGTAATATAGCAGTACCTTCTCTTTTTTTTTTTTAAAGCAAACTAAAACCATTTTTATTTCCCATATTTAAAGGGAACAACAATAAGCTGCTGTGTGTGGAATGCTAGAAATCACAATATACACGATGTCTGCTTTAAGAAATGCAATATAATATTTAACAATAAACCAAGAATAAACCAAATAGATTTACCATGCATCAAGCTCAACAAGCCCTCTTTGTTTTGCTTTTTATATATGTTTTGTTGTACCAGTTGATGAAATATGATTATAGAACCTGAAAAAAAATAAAACTACTAAGCAA,-0.161,blunt
G.conirostris_Espanola,G.conirostris_Espanola6,A,TGATTATGGATTTTCTGAGCGAGAAGTTTGCCCCCCCCTGAAGAGCCAGCCGAGCAAGAACAGTGACTTTTATATGGGAGCAGGAGGCAGTTTGGAGCACGTTATGGAAACTTTGGACAATGAGTCCTTTTATAGCAAAACGTCAGGCAGCAAATGCGTGCAGGCCTTCAACCCTCTGCAAAGAGCGGAGCATCATGTGAGGCTGGAGAGGACATCACCCTGCCAGGACACGAACGGGAACTACGGGATTACTAAAGTGGAAGGACAGCCTCTTCACACAGAGCTGAGCAGGCCCATGGACAATTGCAACAATCTCAGGATGTCTCCAGTGAAAGGGCCGCAGGAGAAGGGGGACCTGGATGAACTTGGTGATAAGTGTGACAGCAATGTCTCCAGCAGTAAGAAGAGGAGACACAGAACAACTTTCACCAGTTTGCAGCTGGAGGAACTGGAGAAAGTATTCCAGAAAACTCACTACCCTGATGTCTATGTAAGAGAACAGCTAGCTCTGAGAACAGAGCTCACTGAGGCCAGAGTCCAGGTTTGGTTCCAGAATCGAAGAGCAAAATGGAGAAAAAGAGAACGCTATGGTCAGATCCAGCAAGCCAAGAGCCACTTTGCTGCCACCTATGATGTATCTGTTCTTCCAAGGACTGACAGCTACCCTCAGGTTCAGAACAATCTGTGGGCAGGGAATGCGGCCAGTGGTTCTGTGGTTACCTCCTGCATGCTGCCACGAGATACGTCCTCCTGTATGACACCTTACTCCCATTCACCCCGGACAGATTCTGGCTACACAGGCTTTTCAAACCACCAGAATCAATTTAGCCACATGCCCCTCAATAATTTTTTCACTGACTCATTGCTTTCTGGGGCAACCAATGGACATGCTTTTGAAACCAAGCCAGAGTTTGAAAGGAGGTCCTCCAGCATTGCAGTTCTACGGATGAAAGCCAAAGAGCATGCTGCCAATATTTCTTGGGCCATGTAATATAGCAGTACCTTCTCTTTTTTTTTTTTAAAGCAAACTAAAACCATTTTTATTTCCCATATTTAAAGGGAACAACAATAAGCTGCTGTGTGTGGAATGCTAGAAATCACAATATACACGATGTCTGCTTTAAGAAATGCAATATAATATTTAACAATAAACCAAGAATAAACCAAATAGATTTACCATGCATCAAGCTCAACAAGCCCTCTTTGTTTTGCTTTTTATATATGTTTTGTTGTACCAGTTGATGAAATATGATTATAGAACCTGAAAAAAAATAAAACTACTAAGCAA,0.268,blunt
G.conirostris_Espanola,G.conirostris_Espanola6,B,TGATTATGGATTTTCTGAGCGAGAAGTTTGCCCCCCCCTGAAGAGCCAGCCGAGCAAGAACAGTGACTTTTATATGGGAGCAGGAGGCAGTTTGGAGCACGTTATGGAAACTTTGGACAATGAGTCCTTTTATAGCAAAACGTCAGGCAGCAAATGCGTGCAGGCCTTCAACCCTCTGCAAAGAGCGGAGCATCATGTGAGGCTGGAGAGGACATCACCCTGCCAGGACACGAACGGGAACTACGGGATTACTAAAGTGGAAGGACAGCCTCTTCACACAGAGCTGAGCAGGCCCATGGACAATTGCAACAATCTCAGGATGTCTCCAGTGAAAGGGCCGCAGGAGAAGGGGGACCTGGATGAACTTGGTGATAAGTGTGACAGCAATGTCTCCAGCAGTAAGAAGAGGAGACACAGAACAACTTTCACCAGTTTGCAGCTGGAGGAACTGGAGAAAGTATTCCAGAAAACTCACTACCCTGATGTCTATGTAAGAGAACAGCTAGCTCTGAGAACAGAGCTCACTGAGGCCAGAGTCCAGGTTTGGTTCCAGAATCGAAGAGCAAAATGGAGAAAAAGAGAACGCTATGGTCAGATCCAGCAAGCCAAGAGCCACTTTGCTGCCACCTATGATGTATCTGTTCTTCCAAGGACTGACAGCTACCCTCAGGTTCAGAACAATCTGTGGGCAGGGAATGCGGCCAGTGGTTCTGTGGTTACCTCCTGCATGCTGCCACGAGATACGTCCTCCTGTATGACACCTTACTCCCATTCACCCCGGACAGATTCTGGCTACACAGGCTTTTCAAACCACCAGAATCAATTTAGCCACATGCCCCTCAATAATTTTTTCACTGACTCATTGCTTTCTGGGGCAACCAATGGACATGCTTTTGAAACCAAGCCAGAGTTTGAAAGGAGGTCCTCCAGCATTGCAGTTCTACGGATGAAAGCCAAAGAGCATGCTGCCAATATTTCTTGGGCCATGTAATATAGCAGTACCTTCTCTTTTTTTTTTTTAAAGCAAACTAAAACCATTTTTATTTCCCATATTTAAAGGGAACAACAATAAGCTGCTGTGTGTGGAATGCTAGAAATCACAATATACACGATGTCTGCTTTAAGAAATGCAATATAATATTTAACAATAAACCAAGAATAAACCAAATAGATTTACCATGCATCAAGCTCAACAAGCCCTCTTTGTTTTGCTTTTTATATATGTTTTGTTGTACCAGTTGATGAAATATGATTATAGAACCTGAAAAAAAATAAAACTACTAAGCAA,-0.068,blunt
G.conirostris_Espanola,G.conirostris_Espanola7,A,TGATTATGGATTTTCTGAGCGAGAAGTTTGCCCCCCCCTGAANAGCCAGCCGAGCAAGAACAGTGACTTTTATATGGGAGCAGGAGGCAGTTTGGAGCACGTTATGGAAACTTTGGACAATGAGTCCTTTTATAGCAAAACGTCAGGCAGCAAATGCGTGCAGGCCTTCAACNCTCTGCAAAGAGCGGAGCATCATGTGAGGCTGGAGAGGACATCNCCCTGCCAGGACACNAACGGGAACTACGGGATTACTAAAGTGGAAGGACAGCCTCTTCACACAGAGCTGAGCAGGCCCATGGACAATTGCAACAATCTCAGGATGTCTCCAGTGAAAGGGCCGCAGGAGAAGGGGGACCTGGATGAACTTGGTGATAAGTGTGACAGCAATGTCTCCAGCAGTAAGAAGAGGAGACACAGAACAACTTTCACCAGTTTGCAGCTGGAGGAACTGGAGAAAGTATTCCAGAAAACTCACTACCCTGATGTCTATGTAAGAGAACAGCTAGCTCTGAGAACAGAGCTCACTGAGGCCAGAGTCCAGGTTTGGTTCCAGAATCGAAGAGCAAAATGGAGAAAAAGAGAACGCTATGGTCAGATCCAGCAAGCCAAGAGCCACTTTGCTGCCACCTATGATGTATCTGTTCTTCCAAGGACTGACAGCTACCCTCAGGTTCAGAACAATCTGTGGGCAGGGAATGCGGCCAGTGGTTCTGTGGTTACCTCCTGCATGCTGCCACGAGATACGTCCTCCTGTATGACACCTTACTCCCATTCACCCCGGACAGATTCTGGCTACACAGGCTTTTCAAACCACCAGAATCAATTTAGCCACATGCCCCTCAATAATTTTTTCACTGACTCATTGCTTTCTGGGGCAACCAATGGACATGCTTTTGAAACCAAGCCAGAGTTTGAAAGGAGGTCCTCCAGCATTGCAGTTCTACGGATGAAAGCCAAAGAGCATGCTGCCAATATTTCTTGGGCCATGTAATATAGCAGTACCTTCTCTTTTTTTTTTTTAAAGCAAACTAAAACCATTTTTATTTCCCATATTTAAAGGGAACAACAATAAGCTGCTGTGTGTGGAATGCTAGAAATCACAATATACACGATGTCTGCTTTAAGAAATGCAATATAATATTTAACAATAAACCAAGAATAAACCAAATAGATTTACCATGCATCAAGCTCAACAAGCCCTCTTTGTTTTGCTTTTTATATATGTTTTGTTGTACCAGTTGATGAAATATGATTATAGAACCTGAAAAAAAATAAAACTACTAAGCAA,-0.164,blunt
G.conirostris_Espanola,G.conirostris_Espanola7,B,TGATTATGGATTTTCTGAGCGAGAAGTTTGCCCCCCCCTGAANAGCCAGCCGAGCAAGAACAGTGACTTTTATATGGGAGCAGGAGGCAGTTTGGAGCACGTTATGGAAACTTTGGACAATGAGTCCTTTTATAGCAAAACGTCAGGCAGCAAATGCGTGCAGGCCTTCAACNCTCTGCAAAGAGCGGAGCATCATGTGAGGCTGGAGAGGACATCNCCCTGCCAGGACACNAACGGGAACTACGGGATTACTAAAGTGGAAGGACAGCCTCTTCACACAGAGCTGAGCAGGCCCATGGACAATTGCAACAATCTCAGGATGTCTCCAGTGAAAGGGCCGCAGGAGAAGGGGGACCTGGATGAACTTGGTGATAAGTGTGACAGCAATGTCTCCAGCAGTAAGAAGAGGAGACACAGAACAACTTTCACCAGTTTGCAGCTGGAGGAACTGGAGAAAGTATTCCAGAAAACTCACTACCCTGATGTCTATGTAAGAGAACAGCTAGCTCTGAGAACAGAGCTCACTGAGGCCAGAGTCCAGGTTTGGTTCCAGAATCGAAGAGCAAAATGGAGAAAAAGAGAACGCTATGGTCAGATCCAGCAAGCCAAGAGCCACTTTGCTGCCACCTATGATGTATCTGTTCTTCCAAGGACTGACAGCTACCCTCAGGTTCAGAACAATCTGTGGGCAGGGAATGCGGCCAGTGGTTCTGTGGTTACCTCCTGCATGCTGCCACGAGATACGTCCTCCTGTATGACACCTTACTCCCATTCACCCCGGACAGATTCTGGCTACACAGGCTTTTCAAACCACCAGAATCAATTTAGCCACATGCCCCTCAATAATTTTTTCACTGACTCATTGCTTTCTGGGGCAACCAATGGACATGCTTTTGAAACCAAGCCAGAGTTTGAAAGGAGGTCCTCCAGCATTGCAGTTCTACGGATGAAAGCCAAAGAGCATGCTGCCAATATTTCTTGGGCCATGTAATATAGCAGTACCTTCTCTTTTTTTTTTTTAAAGCAAACTAAAACCATTTTTATTTCCCATATTTAAAGGGAACAACAATAAGCTGCTGTGTGTGGAATGCTAGAAATCACAATATACACGATGTCTGCTTTAAGAAATGCAATATAATATTTAACAATAAACCAAGAATAAACCAAATAGATTTACCATGCATCAAGCTCAACAAGCCCTCTTTGTTTTGCTTTTTATATATGTTTTGTTGTACCAGTTGATGAAATATGATTATAGAACCTGAAAAAAAATAAAACTACTAAGCAA,0.419,blunt
G.conirostris_Espanola,G.conirostris_Espanola8,A,TGATTATGGATTTTCTGAGCGAGAAGTTTGCCCCCCCCTGAAGAGCCAGCCGAGCAAGAACAGTGACTTTTATATGGGAGCAGGAGGCAGTTTGGAGCACGTTATGGAAACTTTGGACAATGAGTCCTTTTATAGCAAAACGTCAGGCAGCAAATGCGTGCAGGCCTTCAACCCTCTGCAAAGAGCGGAGCATCATGTGAGGCTGGAGAGGACATCACCCTGCCAGGACACGAACGGGAACTACGGGATTACTAAAGTGGAAGGACAGCCTCTTCACACAGAGCTGAGCAGGCCCATGGACAATTGCAACAATCTCAGGATGTCTCCAGTGAAAGGGCCGCAGGAGAAGGGGGACCTGGATGAACTTGGTGATAAGTGTGACAGCAATGTCTCCAGCAGTAAGAAGAGGAGACACAGAACAACTTTCACCAGTTTGCAGCTGGAGGAACTGGAGAAAGTATTCCAGAAAACTCACTACCCTGATGTCTATGTAAGAGAACAGCTAGCTCTGAGAACAGAGCTCACTGAGGCCAGAGTCCAGGTTTGGTTCCAGAATCGAAGAGCAAAATGGAGAAAAAGAGAACGCTATGGTCAGATCCAGCAAGCCAAGAGCCACTTTGCTGCCACCTATGATGTATCTGTTCTTCCAAGGACTGACAGCTACCCTCAGGTTCAGAACAATCTGTGGGCAGGGAATGCGGCCAGTGGTTCTGTGGTTACCTCCTGCATGCTGCCACGAGATACGTCCTCCTGTATGACACCTTACTCCCATTCACCCCGGACAGATTCTGGCTACACAGGCTTTTCAAACCACCAGAATCAATTTAGCCACATGCCCCTCAATAATTTTTTCACTGACTCATTGCTTTCTGGGGCAACCAATGGACATGCTTTTGAAACCAAGCCAGAGTTTGAAAGGAGGTCCTCCAGCATTGCAGTTCTACGGATGAAAGCCAAAGAGCATGCTGCCAATATTTCTTGGGCCATGTAATATAGCAGTACCTTCTCTTTTTTTTTTTTAAAGCAAACTAAAACCATTTTTATTTCCCATATTTAAAGGGAACAACAATAAGCTGCTGTGTGTGGAATGCTAGAAATCACAATATACACGATGTCTGCTTTAAGAAATGCAATATAATATTTAACAATAAACCAAGAATAAACCAAATAGATTTACCATGCATCAAGCTCAACAAGCCCTCTTTGTTTTGCTTTTTATATATGTTTTGTTGTACCAGTTGATGAAATATGATTATAGAACCTGAAAAAAAATAAAACTACTAAGCAA,-0.155,blunt
G.conirostris_Espanola,G.conirostris_Espanola8,B,TGATTATGGATTTTCTGAGCGAGAAGTTTGCCCCCCCCTGAAGAGCCAGCCGAGCAAGAACAGTGACTTTTATATGGGAGCAGGAGGCAGTTTGGAGCACGTTATGGAAACTTTGGACAATGAGTCCTTTTATAGCAAAACGTCAGGCAGCAAATGCGTGCAGGCCTTCAACCCTCTGCAAAGAGCGGAGCATCATGTGAGGCTGGAGAGGACATCACCCTGCCAGGACACGAACGGGAACTACGGGATTACTAAAGTGGAAGGACAGCCTCTTCACACAGAGCTGAGCAGGCCCATGGACAATTGCAACAATCTCAGGATGTCTCCAGTGAAAGGGCCGCAGGAGAAGGGGGACCTGGATGAACTTGGTGATAAGTGTGACAGCAATGTCTCCAGCAGTAAGAAGAGGAGACACAGAACAACTTTCACCAGTTTGCAGCTGGAGGAACTGGAGAAAGTATTCCAGAAAACTCACTACCCTGATGTCTATGTAAGAGAACAGCTAGCTCTGAGAACAGAGCTCACTGAGGCCAGAGTCCAGGTTTGGTTCCAGAATCGAAGAGCAAAATGGAGAAAAAGAGAACGCTATGGTCAGATCCAGCAAGCCAAGAGCCACTTTGCTGCCACCTATGATGTATCTGTTCTTCCAAGGACTGACAGCTACCCTCAGGTTCAGAACAATCTGTGGGCAGGGAATGCGGCCAGTGGTTCTGTGGTTACCTCCTGCATGCTGCCACGAGATACGTCCTCCTGTATGACACCTTACTCCCATTCACCCCGGACAGATTCTGGCTACACAGGCTTTTCAAACCACCAGAATCAATTTAGCCACATGCCCCTCAATAATTTTTTCACTGACTCATTGCTTTCTGGGGCAACCAATGGACATGCTTTTGAAACCAAGCCAGAGTTTGAAAGGAGGTCCTCCAGCATTGCAGTTCTACGGATGAAAGCCAAAGAGCATGCTGCCAATATTTCTTGGGCCATGTAATATAGCAGTACCTTCTCTTTTTTTTTTTTAAAGCAAACTAAAACCATTTTTATTTCCCATATTTAAAGGGAACAACAATAAGCTGCTGTGTGTGGAATGCTAGAAATCACAATATACACGATGTCTGCTTTAAGAAATGCAATATAATATTTAACAATAAACCAAGAATAAACCAAATAGATTTACCATGCATCAAGCTCAACAAGCCCTCTTTGTTTTGCTTTTTATATATGTTTTGTTGTACCAGTTGATGAAATATGATTATAGAACCTGAAAAAAAATAAAACTACTAAGCAA,0.003,blunt
G.conirostris_Espanola,G.conirostris_Espanola9,A,TGATTATGGATTTTCTGAGCGAGAAGTTTGCCCCCCCCTGAAGAGCCAGCCGAGCAAGAACAGTGACTTTTATATGGGAGCAGGAGGCAGTTTGGAGCACGTTATGGAAACTTTGGACAATGAGTCCTTTTATAGCAAAACGTCAGGCAGCAAATGCGTGCAGGCCTTCAACCCTCTGCAAAGAGCGGAGCATCATGTGAGGCTGGAGAGGACATCNCCCTGCCAGGACACNAACGGGAACTACGGGATTACTAAAGTGGAAGGACAGCCTCTTCACACAGAGCTGAGCAGGCCCATGGACAATTGCAACAATCTCAGGATGTCTCCAGTGAAAGGGCCGCAGGAGAAGGGGGACCTGGATGAACTTGGTGATAAGTGTGACAGCAATGTCTCCAGCAGTAAGAAGAGGAGACACAGAACAACTTTCACCAGTTTGCAGCTGGAGGAACTGGAGAAAGTATTCCAGAAAACTCACTACCCTGATGTCTATGTAAGAGAACAGCTAGCTCTGAGAACAGAGCTCACTGAGGCCAGAGTCCAGGTTTGGTTCCAGAATCGAAGAGCAAAATGGAGAAAAAGAGAACGCTATGGTCAGATCCAGCAAGCCAAGAGCCACTTTGCTGCCACCTATGATGTATCTGTTCTTCCAAGGACTGACAGCTACCCTCAGGTTCAGAACAATCTGTGGGCAGGGAATGCGGCCAGTGGTTCTGTGGTTACCTCCTGCATGCTGCCACGAGATACGTCCTCCTGTATGACACCTTACTCCCATTCACCCCGGACAGATTCTGGCTACACAGGCTTTTCAAACCACCAGAATCAATTTAGCCACATGCCCCTCAATAATTTTTTCACTGACTCATTGCTTTCTGGGGCAACCAATGGACATGCTTTTGAAACCAAGCCAGAGTTTGAAAGGAGGTCCTCCAGCATTGCAGTTCTACGGATGAAAGCCAAAGAGCATGCTGCCAATATTTCTTGGGCCATGTAATATAGCAGTACCTTCTCTTTTTTTTTTTTAAAGCAAACTAAAACCATTTTTATTTCCCATATTTAAAGGGAACAACAATAAGCTGCTGTGTGTGGAATGCTAGAAATCACAATATACACGATGTCTGCTTTAAGAAATGCAATATAATATTTAACAATAAACCAAGAATAAACCAAATAGATTTACCATGCATCAAGCTCAACAAGCCCTCTTTGTTTTGCTTTTTATATATGTTTTGTTGTACCAGTTGATGAAATATGATTATAGAACCTGAAAAAAAATAAAACTACTAAGCAA,0.066,blunt
G.conirostris_Espanola,G.conirostris_Espanola9,B,TGATTATGGATTTTCTGAGCGAGAAGTTTGCCCCCCCCTGAAGAGCCAGCCGAGCAAGAACAGTGACTTTTATATGGGAGCAGGAGGCAGTTTGGAGCACGTTATGGAAACTTTGGACAATGAGTCCTTTTATAGCAAAACGTCAGGCAGCAAATGCGTGCAGGCCTTCAACCCTCTGCAAAGAGCGGAGCATCATGTGAGGCTGGAGAGGACATCNCCCTGCCAGGACACNAACGGGAACTACGGGATTACTAAAGTGGAAGGACAGCCTCTTCACACAGAGCTGAGCAGGCCCATGGACAATTGCAACAATCTCAGGATGTCTCCAGTGAAAGGGCCGCAGGAGAAGGGGGACCTGGATGAACTTGGTGATAAGTGTGACAGCAATGTCTCCAGCAGTAAGAAGAGGAGACACAGAACAACTTTCACCAGTTTGCAGCTGGAGGAACTGGAGAAAGTATTCCAGAAAACTCACTACCCTGATGTCTATGTAAGAGAACAGCTAGCTCTGAGAACAGAGCTCACTGAGGCCAGAGTCCAGGTTTGGTTCCAGAATCGAAGAGCAAAATGGAGAAAAAGAGAACGCTATGGTCAGATCCAGCAAGCCAAGAGCCACTTTGCTGCCACCTATGATGTATCTGTTCTTCCAAGGACTGACAGCTACCCTCAGGTTCAGAACAATCTGTGGGCAGGGAATGCGGCCAGTGGTTCTGTGGTTACCTCCTGCATGCTGCCACGAGATACGTCCTCCTGTATGACACCTTACTCCCATTCACCCCGGACAGATTCTGGCTACACAGGCTTTTCAAACCACCAGAATCAATTTAGCCACATGCCCCTCAATAATTTTTTCACTGACTCATTGCTTTCTGGGGCAACCAATGGACATGCTTTTGAAACCAAGCCAGAGTTTGAAAGGAGGTCCTCCAGCATTGCAGTTCTACGGATGAAAGCCAAAGAGCATGCTGCCAATATTTCTTGGGCCATGTAATATAGCAGTACCTTCTCTTTTTTTTTTTTAAAGCAAACTAAAACCATTTTTATTTCCCATATTTAAAGGGAACAACAATAAGCTGCTGTGTGTGGAATGCTAGAAATCACAATATACACGATGTCTGCTTTAAGAAATGCAATATAATATTTAACAATAAACCAAGAATAAACCAAATAGATTTACCATGCATCAAGCTCAACAAGCCCTCTTTGTTTTGCTTTTTATATATGTTTTGTTGTACCAGTTGATGAAATATGATTATAGAACCTGAAAAAAAATAAAACTACTAAGCAA,-0.118,blunt
G.conirostris_Genovesa,G.conirostris_Genovesa1,A,TGATTATGGATTTTCTGAGCGAGAAGTTTGCCCAAAAATGAAGAGCCAGCCGAGCAAGAACAGTGACTTTTATATGGGAGCAGGAGGCAGTTTGGAGCACGTTATGGAAACTTTGGACAATGAGTCCTTTTATAGCAAAACGTCAGGCAGCAAATGCGTGCAGGCCTTCAACCCTCTGCAAAGAGCGGAGCATCATGTGAGGCTGGAGAGGACATCGCCCTGCCAGGACACGAACGGGAACTACGGGATTACTAAAGTGGAAGGACAGCCTCTTCACACAGAGCTGANCAGGCCCATGGACAATTGCAACAATCTCAGGATGTCTCCAGTGAAAGGGCTGCAGGAGAAGNGGGACCTGGATGAACTTGGTGATAAGTGTGACAGCAATGTCTCCAGCAGTAAGAAGAGGAGACACAGAACAACTTTCACCAGTTTGCAGCTGGAGGAACTGGAGAAAGTATTCCAGAAAACTCACTACCCTGATGTCTATGTAAGAGAACAGCTAGCTCTGAGAACAGAGCTCACTGAGGCCAGAGTCCAGGTTTGGTTCCAGAATCGAAGAGCAAAATGGAGAAAAAGAGAACGCTATGGTCAGATCCAGCAAGCCAAGAGCCACTTTGCTGCCACCTATGATATATCTGTTCTTCCAAGGACTGACAGCTACCCTCAGGTTCAGAACAATCTGTGGGCAGGGAATGCGGCCAGTGGTTCTGTGGTTACCTCCTGCATGCTGCCACGAGATACNTCCTCCTGTATGACACCTTACTCCCATTCACCCCGGACAGATTCTGGCTACACAGGCTTTTCAAACCACCAGAATCAATTTAGCCACATGCCCCTCAATAATTTTTTCACTGACTCATTGCTTTCTGGGGCAACCAATGGACATGCTTTTGAAACCAAGCCAGAGTTTGAAAGGAGGTCCTCCAGCATTGCAGTTCTACGGATGAAAGCCAAAGAGCATGCTGCCAATATTTCTTGGGCCATGTAATATAGCAGTACCTTCTCTTTTTTTTTTTTAAAGCAAACTAAAACCATTTTTATTTCCCATATTTAAAGGGAACAACAATAAGCTGCTGTGTGTGGAATGCTAGAAATCACAATATACACGATGTCTGCTTTAAGAAATGCAATATAATATTTAACAATAAACCAAGAATAAACCAAATAGATTTACCATGCATCAAGCTCAACAAGCCCTCTTTGTTTTGCTTTTTATATATGTTTTGTTGTACCAGTTGATGAAATATGATTATAGAACCTGAAAAAAAATAAAACTACTAAGCAA,1.213,pointed
G.conirostris_Genovesa,G.conirostris_Genovesa1,B,TGATTATGGATTTTCTGAGCGAGAAGTTTGCCCAAAAATGAAAAGCCAGCCGAGCAAGAACAGTGACTTTTATATGGGAGCAGGAGGCAGTTTGGAGCACGTTATGGAAACTTTGGACAATGAGTCCTTTTATAGCAAAACGTCAGGCAGCAAATGCGTGCAGGCCTTCAACCCTCTGCAAAGAGCGGAGCATCATGTGAGGCTGGAGAGGACATCGCCCTGCCAGGACACGAACGGGAACTACGGGATTACTAAAGTGGAAGGACAGCCTCTTCACACAGAGCTGANCAGGCCCATGGACAATTGCAACAATCTCAGGATGTCTCCAGTGAAAGGGCTGCAGGAGAAGNGGGACCTGGATGAACTTGGTGATAAGTGTGACAGCAATGTCTCCAGCAGTAAGAAGAGGAGACACAGAACAACTTTCACCAGTTTGCAGCTGGAGGAACTGGAGAAAGTATTCCAGAAAACTCACTACCCTGATGTCTATGTAAGAGAACAGCTAGCTCTGAGAACAGAGCTCACTGAGGCCAGAGTCCAGGTTTGGTTCCAGAATCGAAGAGCAAAATGGAGAAAAAGAGAACGCTATGGTCAGATCCAGCAAGCCAAGAGCCACTTTGCTGCCACCTATGATATATCTGTTCTTCCAAGGACTGACAGCTACCCTCAGGTTCAGAACAATCTGTGGGCAGGGAATGCGGCCAGTGGTTCTGTGGTTACCTCCTGCATGCTGCCACGAGATACNTCCTCCTGTATGACACCTTACTCCCATTCACCCCGGACAGATTCTGGCTACACAGGCTTTTCAAACCACCAGAATCAATTTAGCCACATGCCCCTCAATAATTTTTTCACTGACTCATTGCTTTCTGGGGCAACCAATGGACATGCTTTTGAAACCAAGCCAGAGTTTGAAAGGAGGTCCTCCAGCATTGCAGTTCTACGGATGAAAGCCAAAGAGCATGCTGCCAATATTTCTTGGGCCATGTAATATAGCAGTACCTTCTCTTTTTTTTTTTTAAAGCAAACTAAAACCATTTTTATTTCCCATATTTAAAGGGAACAACAATAAGCTGCTGTGTGTGGAATGCTAGAAATCACAATATACACAATGTCTGCTTTAAGAAATGCAATATAATATTTAACAATAAACCAAGAATAAACCAAATAGATTTACCATGCATCAAGCTCAACAAGCCCTCTTTGTTTTGCTTTTTATATATGTTTTGTTGTACCAGTTGATGAAATATGATTATAGAACCTGAAAAAAAATAAAACTACTAAGCAA,1.069,pointed
G.conirostris_Genovesa,G.conirostris_Genovesa10,A,TGATTATGGATTTTCTGAGCGAGAAGTTTGCCCAAAAATGAAGAGCCAGCCGAGCAAGAACAGTGACTTTTATATGGGAGCAGGAGGCAGTTTGGAGCACGTTATGGAAACTTTGGACAATGAGTCCTTTTATAGCAAAACGTCAGGCAGCAAATGCGTGCAGGCCTTCAACCCTCTGCAAAGAGCGGAGCATCATGTGAGGCTGGAGAGGACATCGCCCTGCCAGGACACGAACGGGAACTACGGGATTACTAAAGTGGAAGGACAGCCTCTTCACACAGAGCTGAGCAGGCCCATGGACAATTGCAACAATCTCAGGATGTCTCCAGTGAAAGGGCTGCAGGAGAAGGGGGACCTGGATGAACTTGGTGATAAGTGTGACAGCAATGTCTCCAGCAGTAAGAAGAGGAGACACAGAACAACTTTCACCAGTTTGCAGCTGGAGGAACTGGAGAAAGTATTCCAGAAAACTCACTACCCTGATGTCTATGTAAGAGAACAGCTAGCTCTGAGAACAGAGCTCACTGAGGCCAGAGTCCAGGTTTGGTTCCAGAATCGAAGAGCAAAATGGAGAAAAAGAGAACGCTATGGTCAGATCCAGCAAGCCAAGAGCCACTTTGCTGCCACCTATGATATATCTGTTCTTCCAAGGACTGACAGCTACCCTCAGGTTCAGAACAATCTGTGGGCAGGGAATGCGGCCAGTGGTTCTGTGGTTACCTCCTGCATGCTGCCACGAGATACGTCCTCCTGTATGACACCTTACTCCCATTCACCCCGGACAGATTCTGGCTACACAGGCTTTTCAAACCACCAGAATCAATTTAGCCACATGCCCCTCAATAATTTTTTCACTGACTCATTGCTTTCTGGGGCAACCAATGGACATGCTTTTGAAACCAAGCCAGAGTTTGAAAGGAGGTCCTCCAGCATTGCAGTTCTACGGATGAAAGCCAAAGAGCATGCTGCCAATATTTCTTGGGCCATGTAATATAGCAGTACCTTCTCTTTTTTTTTTTTAAAGCAAACTAAAACCATTTTTATTTCCCATATTTAAAGGGAACAACAATAAGCTGCTGTGTGTGGAATGCTAGAAATCACAATATACACGATGTCTGCTTTAAGAAATGCAATATAATATTTAACAATAAACCAAGAATAAACCAAATAGATTTACCATGCATCAAGCTCAACAAGCCCTCTTTGTTTTGCTTTTTATATATGTTTTGTTGTACCAGTTGATGAAATATGATTATAGAACCTGAAAAAAAATAAAACTACTAAGCAA,0.616,pointed
G.conirostris_Genovesa,G.conirostris_Genovesa10,B,TGATTATGGATTTTCTGAGCGAGAAGTTTGCCCAAAAATGAAGAGCCAGCCGAGCAAGAACAGTGACTTTTATATGGGAGCAGGAGGCAGTTTGGAGCACGTTATGGAAACTTTGGACAATGAGTCCTTTTATAGCAAAACGTCAGGCAGCAAATGCGTGCAGGCCTTCAACCCTCTGCAAAGAGCGGAGCATCATGTGAGGCTGGAGAGGACATCGCCCTGCCAGGACACGAACGGGAACTACGGGATTACTAAAGTGGAAGGACAGCCTCTTCACACAGAGCTGAGCAGGCCCATGGACAATTGCAACAATCTCAGGATGTCTCCAGTGAAAGGGCTGCAGGAGAAGGGGGACCTGGATGAACTTGGTGATAAGTGTGACAGCAATGTCTCCAGCAGTAAGAAGAGGAGACACAGAACAACTTTCACCAGTTTGCAGCTGGAGGAACTGGAGAAAGTATTCCAGAAAACTCACTACCCTGATGTCTATGTAAGAGAACAGCTAGCTCTGAGAACAGAGCTCACTGAGGCCAGAGTCCAGGTTTGGTTCCAGAATCGAAGAGCAAAATGGAGAAAAAGAGAACGCTATGGTCAGATCCAGCAAGCCAAGAGCCACTTTGCTGCCACCTATGATATATCTGTTCTTCCAAGGACTGACAGCTACCCTCAGGTTCAGAACAATCTGTGGGCAGGGAATGCGGCCAGTGGTTCTGTGGTTACCTCCTGCATGCTGCCACGAGATACGTCCTCCTGTATGACACCTTACTCCCATTCACCCCGGACAGATTCTGGCTACACAGGCTTTTCAAACCACCAGAATCAATTTAGCCACATGCCCCTCAATAATTTTTTCACTGACTCATTGCTTTCTGGGGCAACCAATGGACATGCTTTTGAAACCAAGCCAGAGTTTGAAAGGAGGTCCTCCAGCATTGCAGTTCTACGGATGAAAGCCAAAGAGCATGCTGCCAATATTTCTTGGGCCATGTAATATAGCAGTACCTTCTCTTTTTTTTTTTTAAAGCAAACTAAAACCATTTTTATTTCCCATATTTAAAGGGAACAACAATAAGCTGCTGTGTGTGGAATGCTAGAAATCACAATATACACGATGTCTGCTTTAAGAAATGCAATATAATATTTAACAATAAACCAAGAATAAACCAAATAGATTTACCATGCATCAAGCTCAACAAGCCCTCTTTGTTTTGCTTTTTATATATGTTTTGTTGTACCAGTTGATGAAATATGATTATAGAACCTGAAAAAAAATAAAACTACTAAGCAA,1.151,pointed
G.conirostris_Genovesa,G.conirostris_Genovesa2,A,TGATTATGGATTTTCTGAGCGAGAAGTTTGCCCAAAAATGAAGAGCCAGCCGAGCAAGAACAGTGACTTTTATATGGGAGCAGGAGGCAGTTTGGAGCACGTTATGGAAACTTTGGACAATGAGTCCTTTTATAGCAAAACGTCAGGCAGCAAATGCGTGCAGGCCTTCAACCCTCTGCAAAGAGCGGAGCATCATGTGAGGCTGGAGAGGACATCGCCCTGCCAGGACACGAACGGGAACTACGGGATTACTAAAGTGGAAGGACAGCCTCTTCACACAGAGCTGAGCAGGCCCATGGACAATTGCAACAATCTCAGGATGTCTCCAGTGAAAGGGCTGCAGGAGAAGGGGGACCTGGATGAACTTGGTGATAAGTGTGACAGCAATGTCTCCAGCAGTAAGAAGAGGAGACACAGAACAACTTTCACCAGTTTGCAGCTGGAGGAACTGGAGAAAGTATTCCAGAAAACTCACTACCCTGATGTCTATGTAAGAGAACAGCTAGCTCTGAGAACAGAGCTCACTGAGGCCAGAGTCCAGGTTTGGTTCCAGAATCGAAGAGCAAAATGGAGAAAAAGAGAACGCTATGGTCAGATCCAGCAAGCCAAGAGCCACTTTGCTGCCACCTATGATATATCTGTTCTTCCAAGGACTGACAGCTACCCTCAGGTTCAGAACAATCTGTGGGCAGGGAATGCGGCCAGTGGTTCTGTGGTTACCTCCTGCATGCTGCCACGAGATACGTCCTCCTGTATGACACCTTACTCCCATTCACCCCGGACAGATTCTGGCTACACAGGCTTTTCAAACCACCAGAATCAATTTAGCCACATGCCCCTCAATAATTTTTTCACTGACTCATTGCTTTCTGGGGCAACCAATGGACATGCTTTTGAAACCAAGCCAGAGTTTGAAAGGAGGTCCTCCAGCATTGCAGTTCTACGGATGAAAGCCAAAGAGCATGCTGCCAATATTTCTTGGGCCATGTAATATAGCAGTACCTTCTCTTTTTTTTTTTTAAAGCAAACTAAAACCATTTTTATTTCCCATATTTAAAGGGAACAACAATAAGCTGCTGTGTGTGGAATGCTAGAAATCACAATATACACGATGTCTGCNTTNAGAAATGCAATATAATATTTAACAATAAACCAAGAATAAACCAAATAGATTTACCATGCATCAAGCTCAACAAGCCCTCTTTGTTTTGCTTTTTATATATGTTTTGTTGTACCAGTTGATGAAATATGATTATAGAACCTGAAAAAAAATAAAACTACTAAGCAA,0.604,pointed
G.conirostris_Genovesa,G.conirostris_Genovesa2,B,TGATTATGGATTTTCTGAGCGAGAAGTTTGCCCAAAAATGAAGAGCCAGCCGAGCAAGAACAGTGACTTTTATATGGGAGCAGGAGGCAGTTTGGAGCACGTTATGGAAACTTTGGACAATGAGTCCTTTTATAGCAAAACGTCAGGCAGCAAATGCGTGCAGGCCTTCAACCCTCTGCAAAGAGCGGAGCATCATGTGAGGCTGGAGAGGACATCGCCCTGCCAGGACACGAACGGGAACTACGGGATTACTAAAGTGGAAGGACAGCCTCTTCACACAGAGCTGAGCAGGCCCATGGACAATTGCAACAATCTCAGGATGTCTCCAGTGAAAGGGCTGCAGGAGAAGGGGGACCTGGATGAACTTGGTGATAAGTGTGACAGCAATGTCTCCAGCAGTAAGAAGAGGAGACACAGAACAACTTTCACCAGTTTGCAGCTGGAGGAACTGGAGAAAGTATTCCAGAAAACTCACTACCCTGATGTCTATGTAAGAGAACAGCTAGCTCTGAGAACAGAGCTCACTGAGGCCAGAGTCCAGGTTTGGTTCCAGAATCGAAGAGCAAAATGGAGAAAAAGAGAACGCTATGGTCAGATCCAGCAAGCCAAGAGCCACTTTGCTGCCACCTATGATATATCTGTTCTTCCAAGGACTGACAGCTACCCTCAGGTTCAGAACAATCTGTGGGCAGGGAATGCGGCCAGTGGTTCTGTGGTTACCTCCTGCATGCTGCCACGAGATACGTCCTCCTGTATGACACCTTACTCCCATTCACCCCGGACAGATTCTGGCTACACAGGCTTTTCAAACCACCAGAATCAATTTAGCCACATGCCCCTCAATAATTTTTTCACTGACTCATTGCTTTCTGGGGCAACCAATGGACATGCTTTTGAAACCAAGCCAGAGTTTGAAAGGAGGTCCTCCAGCATTGCAGTTCTACGGATGAAAGCCAAAGAGCATGCTGCCAATATTTCTTGGGCCATGTAATATAGCAGTACCTTCTCTTTTTTTTTTTTAAAGCAAACTAAAACCATTTTTATTTCCCATATTTAAAGGGAACAACAATAAGCTGCTGTGTGTGGAATGCTAGAAATCACAATATACACGATGTCTGCNTTNAGAAATGCAATATAATATTTAACAATAAACCAAGAATAAACCAAATAGATTTACCATGCATCAAGCTCAACAAGCCCTCTTTGTTTTGCTTTTTATATATGTTTTGTTGTACCAGTTGATGAAATATGATTATAGAACCTGAAAAAAAATAAAACTACTAAGCAA,0.533,pointed
G.conirostris_Genovesa,G.conirostris_Genovesa3,A,TGATTATGGATTTTCTGAGCGAGAAGTTTGCCCAAAAATGAAGAGCCAGCCGAGCAAGAACAGTGACTTTTATATGGGAGCAGGAGGCAGTTTGGAGCACGTTATGGAAACTTTGGACAATGAGTCCTTTTATAGCAAAACGTCAGGCAGCAAATGCGTGCAGGCCTTCAACCCTCTGCAAAGAGCGGAGCATCATGTGAGGCTGGAGAGGACATCNCCCTGCCAGGACACNAACGGGAACTACGGGATTACTAAAGTGGAAGGACAGCCTCTTCACACAGAGCTGANCAGGCCCATGGACAATTGCAACAATCTCAGGATGTCTCCAGTGAAAGGGCTGCAGGAGAAGNGGGACCTGGATGAACTTGGTGATAAGTGTGACAGCAATGTCTCCAGCAGTAAGAAGAGGAGACACAGAACAACTTTCACCAGTTTGCAGCTGGAGGAACTGGAGAAAGTATTCCAGAAAACTCACTACCCTGATGTCTATGTAAGAGAACAGCTAGCTCTGAGAACAGAGCTCACTGAGGCCAGAGTCCAGGTTTGGTTCCAGAATCGAAGAGCAAAATGGAGAAAAAGAGAACGCTATGGTCAGATCCAGCAAGCCAAGAGCCACTTTGCTGCCACCTATGATNTATCTGTTCTTCCAAGGACTGACAGCTACCCTCAGGTTCAGAACAATCTGTGGGCAGGGAATGCGGCCAGTGGTTCTGTGGTTACCTCCTGCATGCTGCCACGAGATACNTCCTCCTGTATGACACCTTACTCCCATTCACCCCGGACAGATTCTGGCTACACAGGCTTTTCAAACCACCAGAATCAATTTAGCCACATGCCCCTCAATAANTTTTTCACTGACTCATTGCTTTCTGGGGCAACCAATGGACATGCTTTTGAAACCAAGCCAGAGTTTGAAAGGAGGTCCTCCAGCATTGCAGTTCTACGGATGAAAGCCAAAGAGCATGCTGCCAATATTTCTTGGGCCATGTAATATAGCAGTACCTTCTCTTTTTTTTTTTTAAAGCAAACTAAAACCNTTTTTATTTCCCATATTTAAAGGGAACAACAATAAGCTGCTGTGTGTGGAATGCTAGAAATCACAATATACACGATGTCTGCTTTAAGAAATGCAATATAATATTTAACAATAAACCAAGAATAAACCAAATAGATTTACCATGCATCAAGCTCAACAAGCCCTCTTTGTTTTGCTTTTTATATATGTTTTGTTGTACCAGTTGATGAAATATGATTATAGAACCTGAAAAAAAATAAAACTACTAAGCAA,0.949,pointed
G.conirostris_Genovesa,G.conirostris_Genovesa3,B,TGATTATGGATTTTCTGAGCGAGAAGTTTGCCCAAAAATGAAGAGCCAGCCGAGCAAGAACAGTGACTTTTATATGGGAGCAGGAGGCAGTTTGGAGCACGTTATGGAAACTTTGGACAATGAGTCCTTTTATAGCAAAACGTCAGGCAGCAAATGCGTGCAGGCCTTCAACCCTCTGCAAAGAGCGGAGCATCATGTGAGGCTGGAGAGGACATCNCCCTGCCAGGACACNAACGGGAACTACGGGATTACTAAAGTGGAAGGACAGCCTCTTCACACAGAGCTGANCAGGCCCATGGACAATTGCAACAATCTCAGGATGTCTCCAGTGAAAGGGCTGCAGGAGAAGNGGGACCTGGATGAACTTGGTGATAAGTGTGACAGCAATGTCTCCAGCAGTAAGAAGAGGAGACACAGAACAACTTTCACCAGTTTGCAGCTGGAGGAACTGGAGAAAGTATTCCAGAAAACTCACTACCCTGATGTCTATGTAAGAGAACAGCTAGCTCTGAGAACAGAGCTCACTGAGGCCAGAGTCCAGGTTTGGTTCCAGAATCGAAGAGCAAAATGGAGAAAAAGAGAACGCTATGGTCAGATCCAGCAAGCCAAGAGCCACTTTGCTGCCACCTATGATNTATCTGTTCTTCCAAGGACTGACAGCTACCCTCAGGTTCAGAACAATCTGTGGGCAGGGAATGCGGCCAGTGGTTCTGTGGTTACCTCCTGCATGCTGCCACGAGATACNTCCTCCTGTATGACACCTTACTCCCATTCACCCCGGACAGATTCTGGCTACACAGGCTTTTCAAACCACCAGAATCAATTTAGCCACATGCCCCTCAATAANTTTTTCACTGACTCATTGCTTTCTGGGGCAACCAATGGACATGCTTTTGAAACCAAGCCAGAGTTTGAAAGGAGGTCCTCCAGCATTGCAGTTCTACGGATGAAAGCCAAAGAGCATGCTGCCAATATTTCTTGGGCCATGTAATATAGCAGTACCTTCTCTTTTTTTTTTTTAAAGCAAACTAAAACCNTTTTTATTTCCCATATTTAAAGGGAACAACAATAAGCTGCTGTGTGTGGAATGCTAGAAATCACAATATACACGATGTCTGCTTTAAGAAATGCAATATAATATTTAACAATAAACCAAGAATAAACCAAATAGATTTACCATGCATCAAGCTCAACAAGCCCTCTTTGTTTTGCTTTTTATATATGTTTTGTTGTACCAGTTGATGAAATATGATTATAGAACCTGAAAAAAAATAAAACTACTAAGCAA,0.581,pointed
G.conirostris_Genovesa,G.conirostris_Genovesa4,A,TGATTATGGATTTTCTGAGCGAGAAGTTTGCCCAAAAATGAAGAGCCAGCCGAGCAAGAACAGTGACTTTTATATGGGAGCAGGAGGCAGTTTGGAGCACGTTATGGAAACTTTGGACAATGAGTCCTTTTATAGCAAAACGTCAGGCAGCAAATGCGTGCAGGCCTTCAACCCTCTGCAAAGAGCGGAGCATCATGTGAGGCTGGAGAGGACATCGCCCTGCCAGGACACGAACGGGAACTACGGGATTACTAAAGTGGAAGGACAGCCTCTTCACACAGAGCTGAGCAGGCCCATGGACAATTGCAACAATCTCAGGATGTCTCCAGTGAAAGGGCTGCAGGAGAAGGGGGACCTGGATGAACTTGGTGATAAGTGTGACAGCAATGTCTCCAGCAGTAAGAAGAGGAGACACAGAACAACTTTCACCAGTTTGCAGCTGGAGGAACTGGAGAAAGTATTCCAGAAAACTCACTACCCTGATGTCTATGTAAGAGAACAGCTAGCTCTGAGAACAGAGCTCACTGAGGCCAGAGTCCAGGTTTGGTTCCAGAATCGAAGAGCAAAATGGAGAAAAAGAGAACGCTATGGTCAGATCCAGCAAGCCAAGAGCCACTTTGCTGCCACCTATGATATATCTGTTCTTCCAAGGACTGACAGCTACCCTCAGGTTCAGAACAATCTGTGGGCAGGGAATGCGGCCAGTGGTTCTGTGGTTACCTCCTGCATGCTGCCACGAGATACGTCCTCCTGTATGACACCTTACTCCCATTCACCCCGGACAGATTCTGGCTACACAGGCTTTTCAAACCACCAGAATCAATTTAGCCACATGCCCCTCAATAATTTTTTCACTGACTCATTGCTTTCTGGGGCAACCAATGGACATGCTTTTGAAACCAAGCCAGAGTTTGAAAGGAGGTCCTCCAGCATTGCAGTTCTACGGATGAAAGCCAAAGAGCATGCTGCCAATATTTCTTGGGCCATGTAATATAGCAGTACCTTCTCTTTTTTTTTTTTAAAGCAAACTAAAACCATTTTTATTTCCCATATTTAAAGGGAACAACAATAAGCTGCTGTGTGTGGAATGCTAGAAATCACAATATACACGATGTCTGCTTTAAGAAATGCAATATAATATTTAACAATAAACCAAGAATAAACCAAATAGATTTACCATGCATCAAGCTCAACAAGCCCTCTTTGTTTTGCTTTTTATATATGTTTTGTTGTACCAGTTGATGAAATATGATTATAGAACCTGAAAAAAAATAAAACTACTAAGCAA,1.407,pointed
G.conirostris_Genovesa,G.conirostris_Genovesa4,B,TGATTATGGATTTTCTGAGCGAGAAGTTTGCCCAAAAATGAAGAGCCAGCCGAGCAAGAACAGTGACTTTTATATGGGAGCAGGAGGCAGTTTGGAGCACGTTATGGAAACTTTGGACAATGAGTCCTTTTATAGCAAAACGTCAGGCAGCAAATGCGTGCAGGCCTTCAACCCTCTGCAAAGAGCGGAGCATCATGTGAGGCTGGAGAGGACATCGCCCTGCCAGGACACGAACGGGAACTACGGGATTACTAAAGTGGAAGGACAGCCTCTTCACACAGAGCTGAGCAGGCCCATGGACAATTGCAACAATCTCAGGATGTCTCCAGTGAAAGGGCTGCAGGAGAAGGGGGACCTGGATGAACTTGGTGATAAGTGTGACAGCAATGTCTCCAGCAGTAAGAAGAGGAGACACAGAACAACTTTCACCAGTTTGCAGCTGGAGGAACTGGAGAAAGTATTCCAGAAAACTCACTACCCTGATGTCTATGTAAGAGAACAGCTAGCTCTGAGAACAGAGCTCACTGAGGCCAGAGTCCAGGTTTGGTTCCAGAATCGAAGAGCAAAATGGAGAAAAAGAGAACGCTATGGTCAGATCCAGCAAGCCAAGAGCCACTTTGCTGCCACCTATGATATATCTGTTCTTCCAAGGACTGACAGCTACCCTCAGGTTCAGAACAATCTGTGGGCAGGGAATGCGGCCAGTGGTTCTGTGGTTACCTCCTGCATGCTGCCACGAGATACGTCCTCCTGTATGACACCTTACTCCCATTCACCCCGGACAGATTCTGGCTACACAGGCTTTTCAAACCACCAGAATCAATTTAGCCACATGCCCCTCAATAATTTTTTCACTGACTCATTGCTTTCTGGGGCAACCAATGGACATGCTTTTGAAACCAAGCCAGAGTTTGAAAGGAGGTCCTCCAGCATTGCAGTTCTACGGATGAAAGCCAAAGAGCATGCTGCCAATATTTCTTGGGCCATGTAATATAGCAGTACCTTCTCTTTTTTTTTTTTAAAGCAAACTAAAACCATTTTTATTTCCCATATTTAAAGGGAACAACAATAAGCTGCTGTGTGTGGAATGCTAGAAATCACAATATACACGATGTCTGCTTTAAGAAATGCAATATAATATTTAACAATAAACCAAGAATAAACCAAATAGATTTACCATGCATCAAGCTCAACAAGCCCTCTTTGTTTTGCTTTTTATATATGTTTTGTTGTACCAGTTGATGAAATATGATTATAGAACCTGAAAAAAAATAAAACTACTAAGCAA,0.895,pointed
G.conirostris_Genovesa,G.conirostris_Genovesa5,A,TGATTATGGATTTTCTGAGCGAGAAGTTTGCCCAAAAATGAAGAGCCAGCCGAGCAAGAACAGTGACTTTTATATGGGAGCAGGAGGCAGTTTGGAGCACGTTATGGAAACTTTGGACAATGAGTCCTTTTATAGCAAAACGTCAGGCAGCAAATGCGTGCAGGCCTTCAACCCTCTGCAAAGAGCGGAGCATCATGTGAGGCTGGAGAGGACATCGCCCTGCCAGGACACGAACGGGAACTACGGGATTACTAAAGTGGAAGGACAGCCTCTTCACACAGAGCTGAGCAGGCCCATGGACAATTGCAACAATCTCAGGATGTCTCCAGTGAAAGGGCTGCAGGAGAAGGGGGACCTGGATGAACTTGGTGATAAGTGTGACAGCAATGTCTCCAGCAGTAAGAAGAGGAGACACAGAACAACTTTCACCAGTTTGCAGCTGGAGGAACTGGAGAAAGTATTCCAGAAAACTCACTACCCTGATGTCTATGTAAGAGAACAGCTAGCTCTGAGAACAGAGCTCACTGAGGCCAGAGTCCAGGTTTGGTTCCAGAATCGAAGAGCAAAATGGAGAAAAAGAGAACGCTATGGTCAGATCCAGCAAGCCAAGAGCCACTTTGCTGCCACCTATGATATATCTGTTCTTCCAAGGACTGACAGCTACCCTCAGGTTCAGAACAATCTGTGGGCAGGGAATGCGGCCAGTGGTTCTGTGGTTACCTCCTGCATGCTGCCACGAGATACGTCCTCCTGTATGACACCTTACTCCCATTCACCCCGGACAGATTCTGGCTACACAGGCTTTTCAAACCACCAGAATCAATTTAGCCACATGCCCCTCAATAATTTTTTCACTGACTCATTGCTTTCTGGGGCAACCAATGGACATGCTTTTGAAACCAAGCCAGAGTTTGAAAGGAGGTCCTCCAGCATTGCAGTTCTACGGATGAAAGCCAAAGAGCATGCTGCCAATATTTCTTGGGCCATGTAATATAGCAGTACCTTCTCTTTTTTTTTTTTAAAGCAAACTAAAACCATTTTTATTTCCCATATTTAAAGGGAACAACAATAAGCTGCTGTGTGTGGAATGCTAGAAATCACAATATACACGATGTCTGCTTTAAGAAATGCAATATAATATTTAACAATAAACCAAGAATAAACCAAATAGATTTACCATGCATCAAGCTCAACAAGCCCTCTTTGTTTTGCTTTTTATATATGTTTTGTTGTACCAGTTGATGAAATATGATTATAGAACCTGAAAAAAAATAAAACTACTAAGCAA,0.651,pointed
G.conirostris_Genovesa,G.conirostris_Genovesa5,B,TGATTATGGATTTTCTGAGCGAGAAGTTTGCCCAAAAATGAAGAGCCAGCCGAGCAAGAACAGTGACTTTTATATGGGAGCAGGAGGCAGTTTGGAGCACGTTATGGAAACTTTGGACAATGAGTCCTTTTATAGCAAAACGTCAGGCAGCAAATGCGTGCAGGCCTTCAACCCTCTGCAAAGAGCGGAGCATCATGTGAGGCTGGAGAGGACATCGCCCTGCCAGGACACGAACGGGAACTACGGGATTACTAAAGTGGAAGGACAGCCTCTTCACACAGAGCTGAGCAGGCCCATGGACAATTGCAACAATCTCAGGATGTCTCCAGTGAAAGGGCTGCAGGAGAAGGGGGACCTGGATGAACTTGGTGATAAGTGTGACAGCAATGTCTCCAGCAGTAAGAAGAGGAGACACAGAACAACTTTCACCAGTTTGCAGCTGGAGGAACTGGAGAAAGTATTCCAGAAAACTCACTACCCTGATGTCTATGTAAGAGAACAGCTAGCTCTGAGAACAGAGCTCACTGAGGCCAGAGTCCAGGTTTGGTTCCAGAATCGAAGAGCAAAATGGAGAAAAAGAGAACGCTATGGTCAGATCCAGCAAGCCAAGAGCCACTTTGCTGCCACCTATGATATATCTGTTCTTCCAAGGACTGACAGCTACCCTCAGGTTCAGAACAATCTGTGGGCAGGGAATGCGGCCAGTGGTTCTGTGGTTACCTCCTGCATGCTGCCACGAGATACGTCCTCCTGTATGACACCTTACTCCCATTCACCCCGGACAGATTCTGGCTACACAGGCTTTTCAAACCACCAGAATCAATTTAGCCACATGCCCCTCAATAATTTTTTCACTGACTCATTGCTTTCTGGGGCAACCAATGGACATGCTTTTGAAACCAAGCCAGAGTTTGAAAGGAGGTCCTCCAGCATTGCAGTTCTACGGATGAAAGCCAAAGAGCATGCTGCCAATATTTCTTGGGCCATGTAATATAGCAGTACCTTCTCTTTTTTTTTTTTAAAGCAAACTAAAACCATTTTTATTTCCCATATTTAAAGGGAACAACAATAAGCTGCTGTGTGTGGAATGCTAGAAATCACAATATACACGATGTCTGCTTTAAGAAATGCAATATAATATTTAACAATAAACCAAGAATAAACCAAATAGATTTACCATGCATCAAGCTCAACAAGCCCTCTTTGTTTTGCTTTTTATATATGTTTTGTTGTACCAGTTGATGAAATATGATTATAGAACCTGAAAAAAAATAAAACTACTAAGCAA,1.304,pointed
G.conirostris_Genovesa,G.conirostris_Genovesa6,A,TGATTATGGATTTTCTGAGCGAGAAGTTTGCCCAAAAATGAANAGCCAGCCGAGCAAGAACAGTGACTTTTATATGGGAGCAGGAGGCAGTTTGGAGCACGTTATGGAAACTTTGGACAATGAGTCCTTTTATAGCAAAACGTCAGGCAGCAAATGCGTGCAGGCCTTCAACCCTCTGCAAAGAGCGGAGCATCATGTGAGGCTGGAGAGGACATCNCCCTGCCAGGACACNAACGGGAACTACGGGATTACTAAAGTGGAAGGACAGCCTCTTCACACAGAGCTGAGCAGGCCCATGGACAATTGCAACAATCTCAGGATGTCTCCAGTGAAAGGGCCGCAGGAGAAGGGGGACCTGGATGAACTTGGTGATAAGTGTGACAGCAATGTCTCCAGCAGTAAGAAGAGGAGACACAGAACAACTTTCACCAGTTTGCAGCTGGAGGAACTGGAGAAAGTATTCCAGAAAACTCACTACCCTGATGTCTATGTAAGAGAACAGCTAGCTCTGAGAACAGAGCTCACTGAGGCCAGAGTCCAGGTTTGGTTCCAGAATCGAAGAGCAAAATGGAGAAAAAGAGAACGCTATGGTCAGATCCAGCAAGCCAAGAGCCACTTTGCTGCCACCTATGATGTATCTGTTCTTCCAAGGACTGACAGCTACCCTCAGGTTCAGAACAATCTGTGGGCAGGGAATGCGGCCAGTGGTTCTGTGGTTACCTCCTGCATGCTGCCACGAGATACGTCCTCCTGTATGACACCTTACTCCCATTCACCCCGGACAGATTCTGGCTACACAGGCTTTTCAAACCACCAGAATCAATTTAGCCACATGCCCCTCAATAATTTTTTCACTGACTCATTGCTTTCTGGGGCAACCAATGGACATGCTTTTGAAACCAAGCCAGAGTTTGAAAGGAGGTCCTCCAGCATTGCAGTTCTACGGATGAAAGCCAAAGAGCATGCTGCCAATATTTCTTGGGCCATGTAATATAGCAGTACCTTCTCTTTTTTTTTTTTAAAGCAAACTAAAACCNTTTTTATTTCCCATATTTAAAGGGAACAACAATAAGCTGCTGTGTGTGGAATGCTAGAAATCACAATATACACNATGTCTGCTTTAAGAAATGCAATATAATATTTAACAATAAACCAAGAATAAACCAAATAGATTTACCATGCATCAAGCTCAACAAGCCCTCTTTGTTTTGCTTTTTNTATATGTTTTGTTGTACCAGTTGATGAAATATGATTATAGAACCTGAAAAAAAATAAAACTACTAAGCAA,1.366,pointed
G.conirostris_Genovesa,G.conirostris_Genovesa6,B,TGATTATGGATTTTCTGAGCGAGAAGTTTGCCCAAAAATGAANAGCCAGCCGAGCAAGAACAGTGACTTTTATATGGGAGCAGGAGGCAGTTTGGAGCACGTTATGGAAACTTTGGACAATGAGTCCTTTTATAGCAAAACGTCAGGCAGCAAATGCGTGCAGGCCTTCAACCCTCTGCAAAGAGCGGAGCATCATGTGAGGCTGGAGAGGACATCNCCCTGCCAGGACACNAACGGGAACTACGGGATTACTAAAGTGGAAGGACAGCCTCTTCACACAGAGCTGAGCAGGCCCATGGACAATTGCAACAATCTCAGGATGTCTCCAGTGAAAGGGCTGCAGGAGAAGGGGGACCTGGATGAACTTGGTGATAAGTGTGACAGCAATGTCTCCAGCAGTAAGAAGAGGAGACACAGAACAACTTTCACCAGTTTGCAGCTGGAGGAACTGGAGAAAGTATTCCAGAAAACTCACTACCCTGATGTCTATGTAAGAGAACAGCTAGCTCTGAGAACAGAGCTCACTGAGGCCAGAGTCCAGGTTTGGTTCCAGAATCGAAGAGCAAAATGGAGAAAAAGAGAACGCTATGGTCAGATCCAGCAAGCCAAGAGCCACTTTGCTGCCACCTATGATATATCTGTTCTTCCAAGGACTGACAGCTACCCTCAGGTTCAGAACAATCTGTGGGCAGGGAATGCGGCCAGTGGTTCTGTGGTTACCTCCTGCATGCTGCCACGAGATACGTCCTCCTGTATGACACCTTACTCCCATTCACCCCGGACAGATTCTGGCTACACAGGCTTTTCAAACCACCAGAATCAATTTAGCCACATGCCCCTCAATAATTTTTTCACTGACTCATTGCTTTCTGGGGCAACCAATGGACATGCTTTTGAAACCAAGCCAGAGTTTGAAAGGAGGTCCTCCAGCATTGCAGTTCTACGGATGAAAGCCAAAGAGCATGCTGCCAATATTTCTTGGGCCATGTAATATAGCAGTACCTTCTCTTTTTTTTTTTTAAAGCAAACTAAAACCNTTTTTATTTCCCATATTTAAAGGGAACAACAATAAGCTGCTGTGTGTGGAATGCTAGAAATCACAATATACACNATGTCTGCTTTAAGAAATGCAATATAATATTTAACAATAAACCAAGAATAAACCAAATAGATTTACCATGCATCAAGCTCAACAAGCCCTCTTTGTTTTGCTTTTTNTATATGTTTTGTTGTACCAGTTGATGAAATATGATTATAGAACCTGAAAAAAAATAAAACTACTAAGCAA,0.514,pointed
G.conirostris_Genovesa,G.conirostris_Genovesa7,A,TGATTATGGATTTTCTGAGCGAGAAGTTTGCCCAAAAATGAAGAGCCAGCCGAGCAAGAACAGTGACTTTTATATGGGAGCAGGAGGCAGTTTGGAGCACGTTATGGAAACTTTGGACAATGAGTCCTTTTATAGCAAAACGTCAGGCAGCAAATGCGTGCAGGCCTTCAACNCTCTGCAAAGAGCGGAGCATCATGTGAGGCTGGAGAGGACATCNCCCTGCCAGGACACNAACGGGAACTACGGGATTACTAAAGTGGAAGGACAGCCTCTTCACACAGAGCTGAGCAGGCCCATGGACAATTGCAACAATCTCAGGATGTCTCCAGTGAAAGGGCTGCAGGAGAAGNGGGACCTGGATGAACTTGGTGATAAGTGTGACAGCAATGTCTCCAGCAGTAAGAAGAGGAGACACAGAACAACTTTCACCAGTTTGCAGCTGGAGGAACTGGAGAAAGTATTCCAGAAAACTCACTACCCTGATGTCTATGTAAGAGAACAGCTAGCTCTGAGAACAGAGCTCACTGAGGCCAGAGTCCAGGTTTGGTTCCAGAATCGAAGAGCAAAATGGAGAAAAAGAGAACGCTATGGTCAGATCCAGCAAGCCAAGAGCCACTTTGCTGCCACCTATGATATATCTGTTCTTCCAAGGACTGACAGCTACCCTCAGGTTCAGAACAATCTGTGGGCAGGGAATGCGGCCAGTGGTTCTGTGGTTACCTCCTGCATGCTGCCACGAGATACGTCCTCCTGTATGACACCTTACTCCCATTCACCCCGGACAGATTCTGGCTACACAGGCTTTTCAAACCACCAGAATCAATTTAGCCACATGCCCCTCAATAANTTTTTCACTGACTCATTGCTTTCTGGGGCAACCAATGGACATGCTTTTGAAACCAAGCCAGAGTTTGAAAGGAGGTCCTCCAGCATTGCAGTTCTACGGATGAAAGCCAAAGAGCATGCTGCCAATATTTCTTGGGCCATGTAATATAGCAGTACCTTCTCTTTTTTTTTTTTAAAGCAAACTAAAACCNTTTTTATTTCCCATATTTAAAGGGAACAACAATAAGCTGCTGTGTGTGGAATGCTAGAAATCACAATATACACNATGTCTGCNTTNAGAAATGCAATATAATATTTAACAATAAACCAAGAATAAACNAAATAGATTTACCATGCATCAAGCTCAACAAGCCCTCTTTGTTTTGCTTTTTATATATGTTTTGTTGTACCAGTTGATGAAATATGATTATAGAACCTGAAAAAAAATAAAACTACTAAGCAA,1.317,pointed
G.conirostris_Genovesa,G.conirostris_Genovesa7,B,TGATTATGGATTTTCTGAGCGAGAAGTTTGCCCAAAAATGAAGAGCCAGCCGAGCAAGAACAGTGACTTTTATATGGGAGCAGGAGGCAGTTTGGAGCACGTTATGGAAACTTTGGACAATGAGTCCTTTTATAGCAAAACGTCAGGCAGCAAATGCGTGCAGGCCTTCAACNCTCTGCAAAGAGCGGAGCATCATGTGAGGCTGGAGAGGACATCNCCCTGCCAGGACACNAACGGGAACTACGGGATTACTAAAGTGGAAGGACAGCCTCTTCACACAGAGCTGAGCAGGCCCATGGACAATTGCAACAATCTCAGGATGTCTCCAGTGAAAGGGCTGCAGGAGAAGNGGGACCTGGATGAACTTGGTGATAAGTGTGACAGCAATGTCTCCAGCAGTAAGAAGAGGAGACACAGAACAACTTTCACCAGTTTGCAGCTGGAGGAACTGGAGAAAGTATTCCAGAAAACTCACTACCCTGATGTCTATGTAAGAGAACAGCTAGCTCTGAGAACAGAGCTCACTGAGGCCAGAGTCCAGGTTTGGTTCCAGAATCGAAGAGCAAAATGGAGAAAAAGAGAACGCTATGGTCAGATCCAGCAAGCCAAGAGCCACTTTGCTGCCACCTATGATATATCTGTTCTTCCAAGGACTGACAGCTACCCTCAGGTTCAGAACAATCTGTGGGCAGGGAATGCGGCCAGTGGTTCTGTGGTTACCTCCTGCATGCTGCCACGAGATACGTCCTCCTGTATGACACCTTACTCCCATTCACCCCGGACAGATTCTGGCTACACAGGCTTTTCAAACCACCAGAATCAATTTAGCCACATGCCCCTCAATAANTTTTTCACTGACTCATTGCTTTCTGGGGCAACCAATGGACATGCTTTTGAAACCAAGCCAGAGTTTGAAAGGAGGTCCTCCAGCATTGCAGTTCTACGGATGAAAGCCAAAGAGCATGCTGCCAATATTTCTTGGGCCATGTAATATAGCAGTACCTTCTCTTTTTTTTTTTTAAAGCAAACTAAAACCNTTTTTATTTCCCATATTTAAAGGGAACAACAATAAGCTGCTGTGTGTGGAATGCTAGAAATCACAATATACACNATGTCTGCNTTNAGAAATGCAATATAATATTTAACAATAAACCAAGAATAAACNAAATAGATTTACCATGCATCAAGCTCAACAAGCCCTCTTTGTTTTGCTTTTTATATATGTTTTGTTGTACCAGTTGATGAAATATGATTATAGAACCTGAAAAAAAATAAAACTACTAAGCAA,1.463,pointed
G.conirostris_Genovesa,G.conirostris_Genovesa8,A,TGATTATGGATTTTCTGAGCGAGAAGTTTGCCCAAAAATGAAGAGCCAGCCGAGCAAGAACAGTGACTTTTATATGGGAGCAGGAGGCAGTTTGGAGCACGTTATGGAAACTTTGGACAATGAGTCCTTTTATAGCAAAACGTCAGGCAGCAAATGCGTGCAGGCCTTCAACCCTCTGCAAAGAGCGGAGCATCATGTGAGGCTGGAGAGGACATCNCCCTGCCAGGACACGAACGGGAACTACGGGATTACTAAAGTGGAAGGACAGCCTCTTCACACAGAGCTGAGCAGGCCCATGGACAATTGCAACAATCTCAGGATGTCTCCAGTGAAAGGGCTGCAGGAGAAGGGGGACCTGGATGAACTTGGTGATAAGTGTGACAGCAATGTCTCCAGCAGTAAGAAGAGGAGACACAGAACAACTTTCACCAGTTTGCAGCTGGAGGAACTGGAGAAAGTATTCCAGAAAACTCACTACCCTGATGTCTATGTAAGAGAACAGCTAGCTCTGAGAACAGAGCTCACTGAGGCCAGAGTCCAGGTTTGGTTCCAGAATCGAAGAGCAAAATGGAGAAAAAGAGAACGCTATGGTCAGATCCAGCAAGCCAAGAGCCACTTTGCTGCCACCTATGATATATCTGTTCTTCCAAGGACTGACAGCTACCCTCAGGTTCAGAACAATCTGTGGGCAGGGAATGCGGCCAGTGGTTCTGTGGTTACCTCCTGCATGCTGCCACGAGATACGTCCTCCTGTATGACACCTTACTCCCATTCACCCCGGACAGATTCTGGCTACACAGGCTTTTCAAACCACCAGAATCAATTTAGCCACATGCCCCTCAATAATTTTTTCACTGACTCATTGCTTTCTGGGGCAACCAATGGACATGCTTTTGAAACCAAGCCAGAGTTTGAAAGGAGGTCCTCCAGCATTGCAGTTCTACGGATGAAAGCCAAAGAGCATGCTGCCAATATTTCTTGGGCCATGTAATATAGCAGTACCTTCTCTTTTTTTTTTTTAAAGCAAACTAAAACCATTTTTATTTCCCATATTTAAAGGGAACAACAATAAGCTGCTGTGTGTGGAATGCTAGAAATCACAATATACACGATGTCTGCTTTAAGAAATGCAATATAATATTTAACAATAAACCAAGAATAAACCAAATAGATTTACCATGCATCAAGCTCAACAAGCCCTCTTTGTTTTGCTTTTTATATATGTTTTGTTGTACCAGTTGATGAAATATGATTATAGAACCTGAAAAAAAATAAAACTACTAAGCAA,1.128,pointed
G.conirostris_Genovesa,G.conirostris_Genovesa8,B,TGATTATGGATTTTCTGAGCGAGAAGTTTGCCCAAAAATGAAGAGCCAGCCGAGCAAGAACAGTGACTTTTATATGGGAGCAGGAGGCAGTTTGGAGCACGTTATGGAAACTTTGGACAATGAGTCCTTTTATAGCAAAACGTCAGGCAGCAAATGCGTGCAGGCCTTCAACCCTCTGCAAAGAGCGGAGCATCATGTGAGGCTGGAGAGGACATCNCCCTGCCAGGACACGAACGGGAACTACGGGATTACTAAAGTGGAAGGACAGCCTCTTCACACAGAGCTGAGCAGGCCCATGGACAATTGCAACAATCTCAGGATGTCTCCAGTGAAAGGGCTGCAGGAGAAGGGGGACCTGGATGAACTTGGTGATAAGTGTGACAGCAATGTCTCCAGCAGTAAGAAGAGGAGACACAGAACAACTTTCACCAGTTTGCAGCTGGAGGAACTGGAGAAAGTATTCCAGAAAACTCACTACCCTGATGTCTATGTAAGAGAACAGCTAGCTCTGAGAACAGAGCTCACTGAGGCCAGAGTCCAGGTTTGGTTCCAGAATCGAAGAGCAAAATGGAGAAAAAGAGAACGCTATGGTCAGATCCAGCAAGCCAAGAGCCACTTTGCTGCCACCTATGATATATCTGTTCTTCCAAGGACTGACAGCTACCCTCAGGTTCAGAACAATCTGTGGGCAGGGAATGCGGCCAGTGGTTCTGTGGTTACCTCCTGCATGCTGCCACGAGATACGTCCTCCTGTATGACACCTTACTCCCATTCACCCCGGACAGATTCTGGCTACACAGGCTTTTCAAACCACCAGAATCAATTTAGCCACATGCCCCTCAATAATTTTTTCACTGACTCATTGCTTTCTGGGGCAACCAATGGACATGCTTTTGAAACCAAGCCAGAGTTTGAAAGGAGGTCCTCCAGCATTGCAGTTCTACGGATGAAAGCCAAAGAGCATGCTGCCAATATTTCTTGGGCCATGTAATATAGCAGTACCTTCTCTTTTTTTTTTTTAAAGCAAACTAAAACCATTTTTATTTCCCATATTTAAAGGGAACAACAATAAGCTGCTGTGTGTGGAATGCTAGAAATCACAATATACACGATGTCTGCTTTAAGAAATGCAATATAATATTTAACAATAAACCAAGAATAAACCAAATAGATTTACCATGCATCAAGCTCAACAAGCCCTCTTTGTTTTGCTTTTTATATATGTTTTGTTGTACCAGTTGATGAAATATGATTATAGAACCTGAAAAAAAATAAAACTACTAAGCAA,0.611,pointed
G.conirostris_Genovesa,G.conirostris_Genovesa9,A,TGATTATGGATTTTCTGAGCGAGAAGTTTGCCCAAAAATGAAGAGCCAGCCGAGCAAGAACAGTGACTTTTATATGGGAGCAGGAGGCAGTTTGGAGCACGTTATGGAAACTTTGGACAATGAGTCCTTTTATAGCAAAACGTCAGGCAGCAAATGCGTGCAGGCCTTCAACNCTCTGCAAAGAGCGGAGCATCATGTGAGGCTGGAGAGGACATCNCCCTGCCAGGACACNAACGGGAACTACGGGATTACTAAAGTGGAAGGACAGCCTCTTCACACAGAGCTGAGCAGGCCCATGGACAATTGCAACAATCTCAGGATGTCTCCAGTGAAAGGGCTGCAGGAGAAGGGGGACCTGGATGAACTTGGTGATAAGTGTGACAGCAATGTCTCCAGCAGTAAGAAGAGGAGACACAGAACAACTTTCACCAGTTTGCAGCTGGAGGAACTGGAGAAAGTATTCCAGAAAACTCACTACCCTGATGTCTATGTAAGAGAACAGCTAGCTCTGAGAACAGAGCTCACTGAGGCCAGAGTCCAGGTTTGGTTCCAGAATCGAAGAGCAAAATGGAGAAAAAGAGAACGCTATGGTCAGATCCAGCAAGCCAAGAGCCACTTTGCTGCCACCTATGATATATCTGTTCTTCCAAGGACTGACAGCTACCCTCAGGTTCAGAACAATCTGTGGGCAGGGAATGCGGCCAGTGGTTCTGTGGTTACCTCCTGCATGCTGCCACGAGATACGTCCTCCTGTATGACACCTTACTCCCATTCACCCCGGACAGATTCTGGCTACACAGGCTTTTCAAACCACCAGAATCAATTTAGCCACATGCCCCTCAATAATTTTTTCACTGACTCATTGCTTTCTGGGGCAACCAATGGACATGCTTTTGAAACCAAGCCAGAGTTTGAAAGGAGGTCCTCCAGCATTGCAGTTCTACGGATGAAAGCCAAAGAGCATGCTGCCAATATTTCTTGGGCCATGTAATATAGCAGTACCTTCTCTTTTTTTTTTTTAAAGCAAACTAAAACCATTTTTATTTCCCATATTTAAAGGGAACAACAATAAGCTGCTGTGTGTGGAATGCTAGAAATCACAATATACACGATGTCTGCTTTAAGAAATGCAATATAATATTTAACAATAAACCAAGAATAAACCAAATAGATTTACCATGCATCAAGCTCAACAAGCCCTCTTTGTTTTGCTTTTTATATATGTTTTGTTGTACCAGTTGATGAAATATGATTATAGAACCTGAAAAAAAATAAAACTACTAAGCAA,0.557,pointed
G.conirostris_Genovesa,G.conirostris_Genovesa9,B,TGATTATGGATTTTCTGAGCGAGAAGTTTGCCCAAAAATGAAGAGCCAGCCGAGCAAGAACAGTGACTTTTATATGGGAGCAGGAGGCAGTTTGGAGCACGTTATGGAAACTTTGGACAATGAGTCCTTTTATAGCAAAACGTCAGGCAGCAAATGCGTGCAGGCCTTCAACNCTCTGCAAAGAGCGGAGCATCATGTGAGGCTGGAGAGGACATCNCCCTGCCAGGACACNAACGGGAACTACGGGATTACTAAAGTGGAAGGACAGCCTCTTCACACAGAGCTGAGCAGGCCCATGGACAATTGCAACAATCTCAGGATGTCTCCAGTGAAAGGGCTGCAGGAGAAGGGGGACCTGGATGAACTTGGTGATAAGTGTGACAGCAATGTCTCCAGCAGTAAGAAGAGGAGACACAGAACAACTTTCACCAGTTTGCAGCTGGAGGAACTGGAGAAAGTATTCCAGAAAACTCACTACCCTGATGTCTATGTAAGAGAACAGCTAGCTCTGAGAACAGAGCTCACTGAGGCCAGAGTCCAGGTTTGGTTCCAGAATCGAAGAGCAAAATGGAGAAAAAGAGAACGCTATGGTCAGATCCAGCAAGCCAAGAGCCACTTTGCTGCCACCTATGATATATCTGTTCTTCCAAGGACTGACAGCTACCCTCAGGTTCAGAACAATCTGTGGGCAGGGAATGCGGCCAGTGGTTCTGTGGTTACCTCCTGCATGCTGCCACGAGATACGTCCTCCTGTATGACACCTTACTCCCATTCACCCCGGACAGATTCTGGCTACACAGGCTTTTCAAACCACCAGAATCAATTTAGCCACATGCCCCTCAATAATTTTTTCACTGACTCATTGCTTTCTGGGGCAACCAATGGACATGCTTTTGAAACCAAGCCAGAGTTTGAAAGGAGGTCCTCCAGCATTGCAGTTCTACGGATGAAAGCCAAAGAGCATGCTGCCAATATTTCTTGGGCCATGTAATATAGCAGTACCTTCTCTTTTTTTTTTTTAAAGCAAACTAAAACCATTTTTATTTCCCATATTTAAAGGGAACAACAATAAGCTGCTGTGTGTGGAATGCTAGAAATCACAATATACACGATGTCTGCTTTAAGAAATGCAATATAATATTTAACAATAAACCAAGAATAAACCAAATAGATTTACCATGCATCAAGCTCAACAAGCCCTCTTTGTTTTGCTTTTTATATATGTTTTGTTGTACCAGTTGATGAAATATGATTATAGAACCTGAAAAAAAATAAAACTACTAAGCAA,1.154,pointed
G.difficilis,G.difficilis_P10,A,TGATTATGGATTTTCTGAGCGAGAAGTTTGCCCAAAAATGAAGAGCCAGCCGAGCAAGAACAGTGACTTTTATATGGGAGCAGGAGGCAGTTTGGAGCACGTTATGGAAACTTTGGACAATGAGTCCTTTTATAGCAAAACGTCAGGCAGCAAATGCGTGCAGGCCTTCAACCCTCTGCAAAGAGCGGAGCATCATGTGAGGCTGGAGAGGACATCGCCCTGCCAGGACACNAACGGGAACTACGGGATTACTAAAGTGGAAGGACAGCCTCTTCACACAGAGCTGAGCAGGCCCATGGACAATTGCAACAATCTCAGGATGTCTCCAGTGAAAGGGCTGCAGGAGAAGGGGGACCTGGATGAACTTGGTGATAAGTGTGACAGCAATGTCTCCAGCAGTAAGAAGAGGAGACACAGAACAACTTTCACCAGTTTGCAGCTGGAGGAACTGGAGAAAGTATTCCAGAAAACTCACTACCCTGATGTCTATGTAAGAGAACAGCTAGCTCTGAGAACAGAGCTCACTGAGGCCAGAGTCCAGGTTTGGTTCCAGAATCGAAGAGCAAAATGGAGAAAAAGAGAACGCTATGGTCAGATCCAGCAAGCCAAGAGCCACTTTGCTGCCACCTATGATATATCTGTTCTTCCAAGGACTGACAGCTACCCTCAGGTTCAGAACAATCTGTGGGCAGGGAATGCGGCCAGTGGTTCTGTGGTTACCTCCTGCATGCTGCCACGAGATACGTCCTCCTGTATGACACCTTACTCCCATTCACCCCGGACAGATTCTGGCTACACAGGCTTTTCAAACCACCAGAATCAATTTAGCCACATGCCCCTCAATAATTTTTTCACTGACTCATTGCTTTCTGGGGCAACCAATGGACATGCTTTTGAAACCAAGCCAGAGTTTGAAAGGAGGTCCTCCAGCATTGCAGTTCTACGGATGAAAGCCAAAGAGCATGCTGCCAATATTTCTTGGGCCATGTAATATAGCAGTACCTTCTCTTTTTTTTTTTTNAAGCAAACTAAAACCATTTTTATTTCCCATATTTAAAGGGAACAACAATAAGCTGCTGTGTGTGGAATGCTAGAAATCACAATATACACNATGTCTGCTTTAAGAAATGCAATATAATATTTAACAATAAACCAAGAATAAACNAAATAGATTTACCATGCATCAAGCTCAACAAGCCCTCTTTGTTTTGCTTTTTNTATATGTTTTGTTGTACCAGTTGATGAAATATGATTATAGAACCTGAAAAAAAATAAAACTACTAAGCAA,1.097,pointed
G.difficilis,G.difficilis_P10,B,TGATTATGGATTTTCTGAGCGAGAAGTTTGCCCAAAAATGAAGAGCCAGCCGAGCAAGAACAGTGACTTTTATATGGGAGCAGGAGGCAGTTTGGAGCACGTTATGGAAACTTTGGACAATGAGTCCTTTTATAGCAAAACGTCAGGCAGCAAATGCGTGCAGGCCTTCAACCCTCTGCAAAGAGCGGAGCATCATGTGAGGCTGGAGAGGACATCGCCCTGCCAGGACACNAACGGGAACTACGGGATTACTAAAGTGGAAGGACAGCCTCTTCACACAGAGCTGAGCAGGCCCATGGACAATTGCAACAATCTCAGGATGTCTCCAGTGAAAGGGCTGCAGGAGAAGGGGGACCTGGATGAACTTGGTGATAAGTGTGACAGCAATGTCTCCAGCAGTAAGAAGAGGAGACACAGAACAACTTTCACCAGTTTGCAGCTGGAGGAACTGGAGAAAGTATTCCAGAAAACTCACTACCCTGATGTCTATGTAAGAGAACAGCTAGCTCTGAGAACAGAGCTCACTGAGGCCAGAGTCCAGGTTTGGTTCCAGAATCGAAGAGCAAAATGGAGAAAAAGAGAACGCTATGGTCAGATCCAGCAAGCCAAGAGCCACTTTGCTGCCACCTATGATATATCTGTTCTTCCAAGGACTGACAGCTACCCTCAGGTTCAGAACAATCTGTGGGCAGGGAATGCGGCCAGTGGTTCTGTGGTTACCTCCTGCATGCTGCCACGAGATACGTCCTCCTGTATGACACCTTACTCCCATTCACCCCGGACAGATTCTGGCTACACAGGCTTTTCAAACCACCAGAATCAATTTAGCCACATGCCCCTCAATAATTTTTTCACTGACTCATTGCTTTCTGGGGCAACCAATGGACATGCTTTTGAAACCAAGCCAGAGTTTGAAAGGAGGTCCTCCAGCATTGCAGTTCTACGGATGAAAGCCAAAGAGCATGCTGCCAATATTTCTTGGGCCATGTAATATAGCAGTACCTTCTCTTTTTTTTTTTTNAAGCAAACTAAAACCATTTTTATTTCCCATATTTAAAGGGAACAACAATAAGCTGCTGTGTGTGGAATGCTAGAAATCACAATATACACNATGTCTGCTTTAAGAAATGCAATATAATATTTAACAATAAACCAAGAATAAACNAAATAGATTTACCATGCATCAAGCTCAACAAGCCCTCTTTGTTTTGCTTTTTNTATATGTTTTGTTGTACCAGTTGATGAAATATGATTATAGAACCTGAAAAAAAATAAAACTACTAAGCAA,1.131,pointed
G.difficilis,G.difficilis_P11,A,TGATTATGGATTTTCTGAGCGAGAAGTTTGCCCAAAAATGAANAGCCAGCCGAGCAAGAACAGTGACTTTTATATGGGAGCAGGAGGCAGTTTGGAGCACGTTATGGAAACTTTGGACAATGAGTCCTTTTATAGCAAAACGTCAGGCAGCAAATGCGTGCAGGCCTTCAACCCTCTGCAAAGAGCGGAGCATCATGTGAGGCTGGAGAGGACATCGCCCTGCCAGGACACNAACGGGAACTACGGGATTACTAAAGTGGAAGGACAGCCTCTTCACACAGAGCTGAGCAGGCCCATGGACAATTGCAACAATCTCAGGATGTCTCCAGTGAAAGGGCTGCAGGAGAAGGGGGACCTGGATGAACTTGGTGATAAGTGTGACAGCAATGTCTCCAGCAGTAAGAAGAGGAGACACAGAACAACTTTCACCAGTTTGCAGCTGGAGGAACTGGAGAAAGTATTCCAGAAAACTCACTACCCTGATGTCTATGTAAGAGAACAGCTAGCTCTGAGAACAGAGCTCACTGAGGCCAGAGTCCAGGTTTGGTTCCAGAATCGAAGAGCAAAATGGAGAAAAAGAGAACGCTATGGTCAGATCCAGCAAGCCAAGAGCCACTTTGCTGCCACCTATGATATATCTGTTCTTCCAAGGACTGACAGCTACCCTCAGGTTCAGAACAATCTGTGGGCAGGGAATGCGGCCAGTGGTTCTGTGGTTACCTCCTGCATGCTGCCACGAGATACGTCCTCCTGTATGACACCTTACTCCCATTCACCCCGGACAGATTCTGGCTACACAGGCTTTTCAAACCACCAGAATCAATTTAGCCACATGCCCCTCAATAATTTTTTCACTGACTCATTGCTTTCTGGGGCAACCAATGGACATGCTTTTGAAACCAAGCCAGAGTTTGAAAGGAGGTCCTCCAGCATTGCAGTTCTACGGATGAAAGCCAAAGAGCATGCTGCCAATATTTCTTGGGCCATGTAATATAGCAGTACCTTCTCTTTTTTTTTTTTAAAGCAAACTAAAACCATTTTTATTTCCCATATTTAAAGGGAACAACAATAAGCTGCTGTGTGTGGAATGCTAGAAATCACAATATACACGATGTCTGCTTTAAGAAATGCAATATAATATTTAACAATAAACCAAGAATAAACCAAATAGATTTACCATGCATCAAGCTCAACAAGCCCTCTTTGTTTTGCTTTTTATATATGTTTTGTTGTACCAGTTGATGAAATATGATTATAGAACCTGAAAAAAAATAAAACTACTAAGCAA,1.851,pointed
G.difficilis,G.difficilis_P11,B,TGATTATGGATTTTCTGAGCGAGAAGTTTGCCCAAAAATGAANAGCCAGCCGAGCAAGAACAGTGACTTTTATATGGGAGCAGGAGGCAGTTTGGAGCACGTTATGGAAACTTTGGACAATGAGTCCTTTTATAGCAAAACGTCAGGCAGCAAATGCGTGCAGGCCTTCAACCCTCTGCAAAGAGCGGAGCATCATGTGAGGCTGGAGAGGACATCGCCCTGCCAGGACACNAACGGGAACTACGGGATTACTAAAGTGGAAGGACAGCCTCTTCACACAGAGCTGAGCAGGCCCATGGACAATTGCAACAATCTCAGGATGTCTCCAGTGAAAGGGCTGCAGGAGAAGGGGGACCTGGATGAACTTGGTGATAAGTGTGACAGCAATGTCTCCAGCAGTAAGAAGAGGAGACACAGAACAACTTTCACCAGTTTGCAGCTGGAGGAACTGGAGAAAGTATTCCAGAAAACTCACTACCCTGATGTCTATGTAAGAGAACAGCTAGCTCTGAGAACAGAGCTCACTGAGGCCAGAGTCCAGGTTTGGTTCCAGAATCGAAGAGCAAAATGGAGAAAAAGAGAACGCTATGGTCAGATCCAGCAAGCCAAGAGCCACTTTGCTGCCACCTATGATATATCTGTTCTTCCAAGGACTGACAGCTACCCTCAGGTTCAGAACAATCTGTGGGCAGGGAATGCGGCCAGTGGTTCTGTGGTTACCTCCTGCATGCTGCCACGAGATACGTCCTCCTGTATGACACCTTACTCCCATTCACCCCGGACAGATTCTGGCTACACAGGCTTTTCAAACCACCAGAATCAATTTAGCCACATGCCCCTCAATAATTTTTTCACTGACTCATTGCTTTCTGGGGCAACCAATGGACATGCTTTTGAAACCAAGCCAGAGTTTGAAAGGAGGTCCTCCAGCATTGCAGTTCTACGGATGAAAGCCAAAGAGCATGCTGCCAATATTTCTTGGGCCATGTAATATAGCAGTACCTTCTCTTTTTTTTTTTTAAAGCAAACTAAAACCATTTTTATTTCCCATATTTAAAGGGAACAACAATAAGCTGCTGTGTGTGGAATGCTAGAAATCACAATATACACGATGTCTGCTTTAAGAAATGCAATATAATATTTAACAATAAACCAAGAATAAACCAAATAGATTTACCATGCATCAAGCTCAACAAGCCCTCTTTGTTTTGCTTTTTATATATGTTTTGTTGTACCAGTTGATGAAATATGATTATAGAACCTGAAAAAAAATAAAACTACTAAGCAA,1.402,pointed
G.difficilis,G.difficilis_P13,A,TGATTATGGATTTTCTGAGCGAGAAGTTTGCCCAAAAATGAANAGCCAGCCGAGCAAGAACAGTGACTTTTATATGGGAGCAGGAGGCAGTTTGGAGCACGTTATGGAAACTTTGGACAATGAGTCCTTTTATAGCAAAACGTCAGGCAGCAAATGCGTGCAGGCCTTCAACCCTCTGCAAAGAGCGGAGCATCATGTGAGGCTGGAGAGGACATCGCCCTGCCAGGACACGAACGGGAACTACGGGATTACTAAAGTGGAAGGACAGCCTCTTCACACAGAGCTGAGCAGGCCCATGGACAATTGCAACAATCTCAGGATGTCTCCAGTGAAAGGGCTGCAGGAGAAGGGGGACCTGGATGAACTTGGTGATAAGTGTGACAGCAATGTCTCCAGCAGTAAGAAGAGGAGACACAGAACAACTTTCACCAGTTTGCAGCTGGAGGAACTGGAGAAAGTATTCCAGAAAACTCACTACCCTGATGTCTATGTAAGAGAACAGCTAGCTCTGAGAACAGAGCTCACTGAGGCCAGAGTCCAGGTTTGGTTCCAGAATCGAAGAGCAAAATGGAGAAAAAGAGAACGCTATGGTCAGATCCAGCAAGCCAAGAGCCACTTTGCTGCCACCTATGATNTATCTGTTCTTCCAAGGACTGACAGNTACCCTCAGGTTCAGAACAATCTGTGGGCAGGGAATGCGGCCAGTGGTTCTGTGGTTACCTCCTGCATGCTGCCACGAGATACGTCCTCCTGTATGACACCTTACTCCCATTCACCCCGGACAGATTCTGGCTACACAGGCTTTTCAAACCACCAGAATCAATTTAGCCACATGCCCCTCAATAATTTTTTCACTGACTCATTGCTTTCTGGGGCAACCAATGGACATGCTTTTGAAACCAAGCCAGAGTTTGAAAGGAGGTCCTCCAGCATTGCAGTTCTACGGATGAAAGCCAAAGAGCATGCTGCCAATATTTCTTGGGCCATGTAATATAGCAGTACCTTCTCTTTTTTTTTTTTAAAGCAAACTAAAACCATTTTTATTTCCCATATTTAAAGGGAACAACAATAAGCTGCTGTGTGTGGAATGCTAGAAATCACAATATACACGATGTCTGCTTTAAGAAATGCAATATAATATTTAACAATAAACCAAGAATAAACNAAATAGATTTACCATGCATCAAGCTCAACAAGCCCTCTTTGTTTTGCTTTTTNTATATGTTTTGTTGTACCAGTTGATGAAATATGATTATAGAACCTGAAAAAAAATAAAACTACTAAGCAA,0.973,pointed
G.difficilis,G.difficilis_P13,B,TGATTATGGATTTTCTGAGCGAGAAGTTTGCCCAAAAATGAANAGCCAGCCGAGCAAGAACAGTGACTTTTATATGGGAGCAGGAGGCAGTTTGGAGCACGTTATGGAAACTTTGGACAATGAGTCCTTTTATAGCAAAACGTCAGGCAGCAAATGCGTGCAGGCCTTCAACCCTCTGCAAAGAGCGGAGCATCATGTGAGGCTGGAGAGGACATCGCCCTGCCAGGACACGAACGGGAACTACGGGATTACTAAAGTGGAAGGACAGCCTCTTCACACAGAGCTGAGCAGGCCCATGGACAATTGCAACAATCTCAGGATGTCTCCAGTGAAAGGGCTGCAGGAGAAGGGGGACCTGGATGAACTTGGTGATAAGTGTGACAGCAATGTCTCCAGCAGTAAGAAGAGGAGACACAGAACAACTTTCACCAGTTTGCAGCTGGAGGAACTGGAGAAAGTATTCCAGAAAACTCACTACCCTGATGTCTATGTAAGAGAACAGCTAGCTCTGAGAACAGAGCTCACTGAGGCCAGAGTCCAGGTTTGGTTCCAGAATCGAAGAGCAAAATGGAGAAAAAGAGAACGCTATGGTCAGATCCAGCAAGCCAAGAGCCACTTTGCTGCCACCTATGATNTATCTGTTCTTCCAAGGACTGACAGNTACCCTCAGGTTCAGAACAATCTGTGGGCAGGGAATGCGGCCAGTGGTTCTGTGGTTACCTCCTGCATGCTGCCACGAGATACGTCCTCCTGTATGACACCTTACTCCCATTCACCCCGGACAGATTCTGGCTACACAGGCTTTTCAAACCACCAGAATCAATTTAGCCACATGCCCCTCAATAATTTTTTCACTGACTCATTGCTTTCTGGGGCAACCAATGGACATGCTTTTGAAACCAAGCCAGAGTTTGAAAGGAGGTCCTCCAGCATTGCAGTTCTACGGATGAAAGCCAAAGAGCATGCTGCCAATATTTCTTGGGCCATGTAATATAGCAGTACCTTCTCTTTTTTTTTTTTAAAGCAAACTAAAACCATTTTTATTTCCCATATTTAAAGGGAACAACAATAAGCTGCTGTGTGTGGAATGCTAGAAATCACAATATACACGATGTCTGCTTTAAGAAATGCAATATAATATTTAACAATAAACCAAGAATAAACNAAATAGATTTACCATGCATCAAGCTCAACAAGCCCTCTTTGTTTTGCTTTTTNTATATGTTTTGTTGTACCAGTTGATGAAATATGATTATAGAACCTGAAAAAAAATAAAACTACTAAGCAA,0.865,pointed
G.difficilis,G.difficilis_P2,A,TGATTATGGATTTTCTGAGCGAGAAGTTTGCCCAAAAATGAAGAGCCAGCCGAGCAAGAACAGTGACTTTTATATGGGAGCAGGAGGCAGTTTGGAGCACGTTATGGAAACTTTGGACAATGAGTCCTTTTATAGCAAAACGTCAGGCAGCAAATGCGTGCAGGCCTTCAACNCTCTGCAAAGAGCGGAGCATCATGTGAGGCTGGAGAGGACATCNCCCTGCCAGGACACNAACGGGAACTACGGGATTACTAAAGTGGAAGGACAGCCTCTTCACACAGAGCTGAGCAGGCCCATGGACAATTGCAACAATCTCAGGATGTCTCCAGTGAAAGGGCNGCAGGAGAAGGGGGACCTGGATGAACTTGGTGATAAGTGTGACAGCAATGTCTCCAGCAGTAAGAAGAGGAGACACAGAACAACTTTCACCAGTTTGCAGCTGGAGGAACTGGAGAAAGTATTCCAGAAAACTCACTACCCTGATGTCTATGTAAGAGAACAGCTAGCTCTGAGAACAGAGCTCACTGAGGCCAGAGTCCAGGTTTGGTTCCAGAATCGAAGAGCAAAATGGAGAAAAAGAGAACGCTATGGTCAGATCCAGCAAGCCAAGAGCCACTTTGCTGCCACCTATGATATATCTGTTCTTCCAAGGACTGACAGNTACCCTCAGGTTCAGAACAATCTGTGGGCAGGGAATGCGGCCAGTGGTTCTGTGGTTACCTCCTGCATGCTGCCACGAGATACNTCCTCCTGTATGACACCTTACTCCCATTCACCCCGGACAGATTCTGGCTACACAGGCTTTTCAAACCACCAGAATCAATTTAGCCACATGCCCCTCAATAATTTTTTCACTGACTCATTGCTTTCTGGGGCAACCAATGGACATGCTTTTGAAACCAAGCCAGAGTTTGAAAGGAGGTCCTCCAGCATTGCAGTTCTACGGATGAAAGCCAAAGAGCATGCTGCCAATATTTCTTGGGCCATGTAATATAGCAGTACCTTCTCTTTTTTTTTTTTNAAGCAAACTAAAACCNTTTTTATTTCCCATATTTAAAGGGAACAACAATAAGCTGCTGTGTGTGGAATGCTAGAAATCACAATATACACNATGTCTGCNTTNAGAAATGCAATATAATATTTAACAATAAACCAAGAATAAACNAAATAGATTTACCATGCATCAAGCTCAACAAGCCCTCTTTGTTTTGCTTTTTATATATGTTTTGTTGTACCAGTTGATGAAATATGATTATAGAACCTGAAAAAAAATAAAACTACTAAGCAA,1.103,pointed
G.difficilis,G.difficilis_P2,B,TGATTATGGATTTTCTGAGCGAGAAGTTTGCCCAAAAATGAAGAGCCAGCCGAGCAAGAACAGTGACTTTTATATGGGAGCAGGAGGCAGTTTGGAGCACGTTATGGAAACTTTGGACAATGAGTCCTTTTATAGCAAAACGTCAGGCAGCAAATGCGTGCAGGCCTTCAACNCTCTGCAAAGAGCGGAGCATCATGTGAGGCTGGAGAGGACATCNCCCTGCCAGGACACNAACGGGAACTACGGGATTACTAAAGTGGAAGGACAGCCTCTTCACACAGAGCTGAGCAGGCCCATGGACAATTGCAACAATCTCAGGATGTCTCCAGTGAAAGGGCNGCAGGAGAAGGGGGACCTGGATGAACTTGGTGATAAGTGTGACAGCAATGTCTCCAGCAGTAAGAAGAGGAGACACAGAACAACTTTCACCAGTTTGCAGCTGGAGGAACTGGAGAAAGTATTCCAGAAAACTCACTACCCTGATGTCTATGTAAGAGAACAGCTAGCTCTGAGAACAGAGCTCACTGAGGCCAGAGTCCAGGTTTGGTTCCAGAATCGAAGAGCAAAATGGAGAAAAAGAGAACGCTATGGTCAGATCCAGCAAGCCAAGAGCCACTTTGCTGCCACCTATGATATATCTGTTCTTCCAAGGACTGACAGNTACCCTCAGGTTCAGAACAATCTGTGGGCAGGGAATGCGGCCAGTGGTTCTGTGGTTACCTCCTGCATGCTGCCACGAGATACNTCCTCCTGTATGACACCTTACTCCCATTCACCCCGGACAGATTCTGGCTACACAGGCTTTTCAAACCACCAGAATCAATTTAGCCACATGCCCCTCAATAATTTTTTCACTGACTCATTGCTTTCTGGGGCAACCAATGGACATGCTTTTGAAACCAAGCCAGAGTTTGAAAGGAGGTCCTCCAGCATTGCAGTTCTACGGATGAAAGCCAAAGAGCATGCTGCCAATATTTCTTGGGCCATGTAATATAGCAGTACCTTCTCTTTTTTTTTTTTNAAGCAAACTAAAACCNTTTTTATTTCCCATATTTAAAGGGAACAACAATAAGCTGCTGTGTGTGGAATGCTAGAAATCACAATATACACNATGTCTGCNTTNAGAAATGCAATATAATATTTAACAATAAACCAAGAATAAACNAAATAGATTTACCATGCATCAAGCTCAACAAGCCCTCTTTGTTTTGCTTTTTATATATGTTTTGTTGTACCAGTTGATGAAATATGATTATAGAACCTGAAAAAAAATAAAACTACTAAGCAA,1.485,pointed
G.difficilis,G.difficilis_P3,A,TGATTATGGATTTTCTGAGCGAGAAGTTTGCCCAAAAATGAAGAGCCAGCCGAGCAAGAACAGTGACTTTTATATGGGAGCAGGAGGCAGTTTGGAGCACGTTATGGAAACTTTGGACAATGAGTCCTTTTATAGCAAAACGTCAGGCAGCAAATGCGTGCAGGCCTTCAACCCTCTGCAAAGAGCGGAGCATCATGTGAGGCTGGAGAGGACATCGCCCTGCCAGGACACGAACGGGAACTACGGGATTACTAAAGTGGAAGGACAGCCTCTTCACACAGAGCTGAGCAGGCCCATGGACAATTGCAACAATCTCAGGATGTCTCCAGTGAAAGGGCTGCAGGAGAAGGGGGACCTGGATGAACTTGGTGATAAGTGTGACAGCAATGTCTCCAGCAGTAAGAAGAGGAGACACAGAACAACTTTCACCAGTTTGCAGCTGGAGGAACTGGAGAAAGTATTCCAGAAAACTCACTACCCTGATGTCTATGTAAGAGAACAGCTAGCTCTGAGAACAGAGCTCACTGAGGCCAGAGTCCAGGTTTGGTTCCAGAATCGAAGAGCAAAATGGAGAAAAAGAGAACGCTATGGTCAGATCCAGCAAGCCAAGAGCCACTTTGCTGCCACCTATGATATATCTGTTCTTCCAAGGACTGACAGCTACCCTCAGGTTCAGAACAATCTGTGGGCAGGGAATGCGGCCAGTGGTTCTGTGGTTACCTCCTGCATGCTGCCACGAGATACGTCCTCCTGTATGACACCTTACTCCCATTCACCCCGGACAGATTCTGGCTACACAGGCTTTTCAAACCACCAGAATCAATTTAGCCACATGCCCCTCAATAATTTTTTCACTGACTCATTGCTTTCTGGGGCAACCAATGGACATGCTTTTGAAACCAAGCCAGAGTTTGAAAGGAGGTCCTCCAGCATTGCAGTTCTACGGATGAAAGCCAAAGAGCATGCTGCCAATATTTCTTGGGCCATGTAATATAGCAGTACCTTCTCTTTTTTTTTTTTAAAGCAAACTAAAACCATTTTTATTTCCCATATTTAAAGGGAACAACAATAAGCTGCTGTGTGTGGAATGCTAGAAATCACAATATACACGATGTCTGCTTTAAGAAATGCAATATAATATTTAACAATAAACCAAGAATAAACCAAATAGATTTACCATGCATCAAGCTCAACAAGCCCTCTTTGTTTTGCTTTTTATATATGTTTTGTTGTACCAGTTGATGAAATATGATTATAGAACCTGAAAAAAAATAAAACTACTAAGCAA,1.366,pointed
G.difficilis,G.difficilis_P3,B,TGATTATGGATTTTCTGAGCGAGAAGTTTGCCCAAAAATGAAGAGCCAGCCGAGCAAGAACAGTGACTTTTATATGGGAGCAGGAGGCAGTTTGGAGCACGTTATGGAAACTTTGGACAATGAGTCCTTTTATAGCAAAACGTCAGGCAGCAAATGCGTGCAGGCCTTCAACCCTCTGCAAAGAGCGGAGCATCATGTGAGGCTGGAGAGGACATCGCCCTGCCAGGACACGAACGGGAACTACGGGATTACTAAAGTGGAAGGACAGCCTCTTCACACAGAGCTGAGCAGGCCCATGGACAATTGCAACAATCTCAGGATGTCTCCAGTGAAAGGGCTGCAGGAGAAGGGGGACCTGGATGAACTTGGTGATAAGTGTGACAGCAATGTCTCCAGCAGTAAGAAGAGGAGACACAGAACAACTTTCACCAGTTTGCAGCTGGAGGAACTGGAGAAAGTATTCCAGAAAACTCACTACCCTGATGTCTATGTAAGAGAACAGCTAGCTCTGAGAACAGAGCTCACTGAGGCCAGAGTCCAGGTTTGGTTCCAGAATCGAAGAGCAAAATGGAGAAAAAGAGAACGCTATGGTCAGATCCAGCAAGCCAAGAGCCACTTTGCTGCCACCTATGATATATCTGTTCTTCCAAGGACTGACAGCTACCCTCAGGTTCAGAACAATCTGTGGGCAGGGAATGCGGCCAGTGGTTCTGTGGTTACCTCCTGCATGCTGCCACGAGATACGTCCTCCTGTATGACACCTTACTCCCATTCACCCCGGACAGATTCTGGCTACACAGGCTTTTCAAACCACCAGAATCAATTTAGCCACATGCCCCTCAATAATTTTTTCACTGACTCATTGCTTTCTGGGGCAACCAATGGACATGCTTTTGAAACCAAGCCAGAGTTTGAAAGGAGGTCCTCCAGCATTGCAGTTCTACGGATGAAAGCCAAAGAGCATGCTGCCAATATTTCTTGGGCCATGTAATATAGCAGTACCTTCTCTTTTTTTTTTTTAAAGCAAACTAAAACCATTTTTATTTCCCATATTTAAAGGGAACAACAATAAGCTGCTGTGTGTGGAATGCTAGAAATCACAATATACACGATGTCTGCTTTAAGAAATGCAATATAATATTTAACAATAAACCAAGAATAAACCAAATAGATTTACCATGCATCAAGCTCAACAAGCCCTCTTTGTTTTGCTTTTTATATATGTTTTGTTGTACCAGTTGATGAAATATGATTATAGAACCTGAAAAAAAATAAAACTACTAAGCAA,1.412,pointed
G.difficilis,G.difficilis_P4,A,TGATTATGGATTTTCTGAGCGAGAAGTTTGCCCAAAAATGAAGAGCCAGCCGAGCAAGAACAGTGACTTTTATATGGGAGCAGGAGGCAGTTTGGAGCACGTTATGGAAACTTTGGACAATGAGTCCTTTTATAGCAAAACGTCAGGCAGCAAATGCGTGCAGGCCTTCAACCCTCTGCAAAGAGCGGAGCATCATGTGAGGCTGGAGAGGACATCNCCCTGCCAGGACACNAACGGGAACTACGGGATTACTAAAGTGGAAGGACAGCCTCTTCACACAGAGCTGAGCAGGCCCATGGACAATTGCAACAATCTCAGGATGTCTCCAGTGAAAGGGCTGCAGGAGAAGGGGGACCTGGATGAACTTGGTGATAAGTGTGACAGCAATGTCTCCAGCAGTAAGAAGAGGAGACACAGAACAACTTTCACCAGTTTGCAGCTGGAGGAACTGGAGAAAGTATTCCAGAAAACTCACTACCCTGATGTCTATGTAAGAGAACAGCTAGCTCTGAGAACAGAGCTCACTGAGGCCAGAGTCCAGGTTTGGTTCCAGAATCGAAGAGCAAAATGGAGAAAAAGAGAACGCTATGGTCAGATCCAGCAAGCCAAGAGCCACTTTGCTGCCACCTATGATATATCTGTTCTTCCAAGGACTGACAGCTACCCTCAGGTTCAGAACAATCTGTGGGCAGGGAATGCGGCCAGTGGTTCTGTGGTTACCTCCTGCATGCTGCCACGAGATACNTCCTCCTGTATGACACCTTACTCCCATTCACCCCGGACAGATTCTGGCTACACAGGCTTTTCAAACCACCAGAATCAATTTAGCCACATGCCCCTCAATAATTTTTTCACTGACTCATTGCTTTCTGGGGCAACCAATGGACATGCTTTTGAAACCAAGCCAGAGTTTGAAAGGAGGTCCTCCAGCATTGCAGTTCTACGGATGAAAGCCAAAGAGCATGCTGCCAATATTTCTTGGGCCATGTAATATAGCAGTACCTTCTCTTTTTTTTTTTTAAAGCAAACTAAAACCATTTTTATTTCCCATATTTAAAGGGAACAACAATAAGCTGCTGTGTGTGGAATGCTAGAAATCACAATATACACGATGTCTGCTTTAAGAAATGCAATATAATATTTAACAATAAACCAAGAATAAACCAAATAGATTTACCATGCATCAAGCTCAACAAGCCCTCTTTGTTTTGCTTTTTATATATGTTTTGTTGTACCAGTTGATGAAATATGATTATAGAACCTGAAAAAAAATAAAACTACTAAGCAA,1.434,pointed
G.difficilis,G.difficilis_P4,B,TGATTATGGATTTTCTGAGCGAGAAGTTTGCCCAAAAATGAAGAGCCAGCCGAGCAAGAACAGTGACTTTTATATGGGAGCAGGAGGCAGTTTGGAGCACGTTATGGAAACTTTGGACAATGAGTCCTTTTATAGCAAAACGTCAGGCAGCAAATGCGTGCAGGCCTTCAACCCTCTGCAAAGAGCGGAGCATCATGTGAGGCTGGAGAGGACATCNCCCTGCCAGGACACNAACGGGAACTACGGGATTACTAAAGTGGAAGGACAGCCTCTTCACACAGAGCTGAGCAGGCCCATGGACAATTGCAACAATCTCAGGATGTCTCCAGTGAAAGGGCTGCAGGAGAAGGGGGACCTGGATGAACTTGGTGATAAGTGTGACAGCAATGTCTCCAGCAGTAAGAAGAGGAGACACAGAACAACTTTCACCAGTTTGCAGCTGGAGGAACTGGAGAAAGTATTCCAGAAAACTCACTACCCTGATGTCTATGTAAGAGAACAGCTAGCTCTGAGAACAGAGCTCACTGAGGCCAGAGTCCAGGTTTGGTTCCAGAATCGAAGAGCAAAATGGAGAAAAAGAGAACGCTATGGTCAGATCCAGCAAGCCAAGAGCCACTTTGCTGCCACCTATGATATATCTGTTCTTCCAAGGACTGACAGCTACCCTCAGGTTCAGAACAATCTGTGGGCAGGGAATGCGGCCAGTGGTTCTGTGGTTACCTCCTGCATGCTGCCACGAGATACNTCCTCCTGTATGACACCTTACTCCCATTCACCCCGGACAGATTCTGGCTACACAGGCTTTTCAAACCACCAGAATCAATTTAGCCACATGCCCCTCAATAATTTTTTCACTGACTCATTGCTTTCTGGGGCAACCAATGGACATGCTTTTGAAACCAAGCCAGAGTTTGAAAGGAGGTCCTCCAGCATTGCAGTTCTACGGATGAAAGCCAAAGAGCATGCTGCCAATATTTCTTGGGCCATGTAATATAGCAGTACCTTCTCTTTTTTTTTTTTAAAGCAAACTAAAACCATTTTTATTTCCCATATTTAAAGGGAACAACAATAAGCTGCTGTGTGTGGAATGCTAGAAATCACAATATACACGATGTCTGCTTTAAGAAATGCAATATAATATTTAACAATAAACCAAGAATAAACCAAATAGATTTACCATGCATCAAGCTCAACAAGCCCTCTTTGTTTTGCTTTTTATATATGTTTTGTTGTACCAGTTGATGAAATATGATTATAGAACCTGAAAAAAAATAAAACTACTAAGCAA,1.053,pointed
G.difficilis,G.difficilis_P5,A,TGATTATGGATTTTCTGAGCGAGAAGTTTGCCCAAAAATGAANAGCCAGCCGAGCAAGAACAGTGACTTTTATATGGGAGCAGGAGGCAGTTTGGAGCACGTTATGGAAACTTTGGACAATGAGTCCTTTTATAGCAAAACGTCAGGCAGCAAATGCGTGCAGGCCTTCAACCCTCTGCAAAGAGCGGAGCATCATGTGAGGCTGGAGAGGACATCGCCCTGCCAGGACACGAACGGGAACTACGGGATTACTAAAGTGGAAGGACAGCCTCTTCACACAGAGCTGAGCAGGCCCATGGACAATTGCAACAATCTCAGGATGTCTCCAGTGAAAGGGCNGCAGGAGAAGNGGGACCTGGATGAACTTGGTGATAAGTGTGACAGCAATGTCTCCAGCAGTAAGAAGAGGAGACACAGAACAACTTTCACCAGTTTGCAGCTGGAGGAACTGGAGAAAGTATTCCAGAAAACTCACTACCCTGATGTCTATGTAAGAGAACAGCTAGCTCTGAGAACAGAGCTCACTGAGGCCAGAGTCCAGGTTTGGTTCCAGAATCGAAGAGCAAAATGGAGAAAAAGAGAACGCTATGGTCAGATCCAGCAAGCCAAGAGCCACTTTGCTGCCACCTATGATATATCTGTTCTTCCAAGGACTGACAGCTACCCTCAGGTTCAGAACAATCTGTGGGCAGGGAATGCGGCCAGTGGTTCTGTGGTTACCTCCTGCATGCTGCCACGAGATACGTCCTCCTGTATGACACCTTACTCCCATTCACCCCGGACAGATTCTGGCTACACAGGCTTTTCAAACCACCAGAATCAATTTAGCCACATGCCCCTCAATAATTTTTTCACTGACTCATTGCTTTCTGGGGCAACCAATGGACATGCTTTTGAAACCAAGCCAGAGTTTGAAAGGAGGTCCTCCAGCATTGCAGTTCTACGGATGAAAGCCAAAGAGCATGCTGCCAATATTTCTTGGGCCATGTAATATAGCAGTACCTTCTCTTTTTTTTTTTTAAAGCAAACTAAAACCATTTTTATTTCCCATATTTAAAGGGAACAACAATAAGCTGCTGTGTGTGGAATGCTAGAAATCACAATATACACGATGTCTGCTTTAAGAAATGCAATATAATATTTAACAATAAACCAAGAATAAACCAAATAGATTTACCATGCATCAAGCTCAACAAGCCCTCTTTGTTTTGCTTTTTATATATGTTTTGTTGTACCAGTTGATGAAATATGATTATAGAACCTGAAAAAAAATAAAACTACTAAGCAA,1.236,pointed
G.difficilis,G.difficilis_P5,B,TGATTATGGATTTTCTGAGCGAGAAGTTTGCCCAAAAATGAANAGCCAGCCGAGCAAGAACAGTGACTTTTATATGGGAGCAGGAGGCAGTTTGGAGCACGTTATGGAAACTTTGGACAATGAGTCCTTTTATAGCAAAACGTCAGGCAGCAAATGCGTGCAGGCCTTCAACCCTCTGCAAAGAGCGGAGCATCATGTGAGGCTGGAGAGGACATCGCCCTGCCAGGACACGAACGGGAACTACGGGATTACTAAAGTGGAAGGACAGCCTCTTCACACAGAGCTGAGCAGGCCCATGGACAATTGCAACAATCTCAGGATGTCTCCAGTGAAAGGGCNGCAGGAGAAGNGGGACCTGGATGAACTTGGTGATAAGTGTGACAGCAATGTCTCCAGCAGTAAGAAGAGGAGACACAGAACAACTTTCACCAGTTTGCAGCTGGAGGAACTGGAGAAAGTATTCCAGAAAACTCACTACCCTGATGTCTATGTAAGAGAACAGCTAGCTCTGAGAACAGAGCTCACTGAGGCCAGAGTCCAGGTTTGGTTCCAGAATCGAAGAGCAAAATGGAGAAAAAGAGAACGCTATGGTCAGATCCAGCAAGCCAAGAGCCACTTTGCTGCCACCTATGATATATCTGTTCTTCCAAGGACTGACAGCTACCCTCAGGTTCAGAACAATCTGTGGGCAGGGAATGCGGCCAGTGGTTCTGTGGTTACCTCCTGCATGCTGCCACGAGATACGTCCTCCTGTATGACACCTTACTCCCATTCACCCCGGACAGATTCTGGCTACACAGGCTTTTCAAACCACCAGAATCAATTTAGCCACATGCCCCTCAATAATTTTTTCACTGACTCATTGCTTTCTGGGGCAACCAATGGACATGCTTTTGAAACCAAGCCAGAGTTTGAAAGGAGGTCCTCCAGCATTGCAGTTCTACGGATGAAAGCCAAAGAGCATGCTGCCAATATTTCTTGGGCCATGTAATATAGCAGTACCTTCTCTTTTTTTTTTTTAAAGCAAACTAAAACCATTTTTATTTCCCATATTTAAAGGGAACAACAATAAGCTGCTGTGTGTGGAATGCTAGAAATCACAATATACACGATGTCTGCTTTAAGAAATGCAATATAATATTTAACAATAAACCAAGAATAAACGAAATAGATTTACCATGCATCAAGCTCAACAAGCCCTCTTTGTTTTGCTTTTTATATATGTTTTGTTGTACCAGTTGATGAAATATGATTATAGAACCTGAAAAAAAATAAAACTACTAAGCAA,1.227,pointed
G.difficilis,G.difficilis_P6,A,TGATTATGGATTTTCTGAGCGAGAAGTTTGCCCAAAAATGAAGAGCCAGCCGAGCAAGAACAGTGACTTTTATATGGGAGCAGGAGGCAGTTTGGAGCACGTTATGGAAACTTTGGACAATGAGTCCTTTTATAGCAAAACGTCAGGCAGCAAATGCGTGCAGGCCTTCAACCCTCTGCAAAGAGCGGAGCATCATGTGAGGCTGGAGAGGACATCGCCCTGCCAGGACACGAACGGGAACTACGGGATTACTAAAGTGGAAGGACAGCCTCTTCACACAGAGCTGAGCAGGCCCATGGACAATTGCAACAATCTCAGGATGTCTCCAGTGAAAGGGCTGCAGGAGAAGGGGGACCTGGATGAACTTGGTGATAAGTGTGACAGCAATGTCTCCAGCAGTAAGAAGAGGAGACACAGAACAACTTTCACCAGTTTGCAGCTGGAGGAACTGGAGAAAGTATTCCAGAAAACTCACTACCCTGATGTCTATGTAAGAGAACAGCTAGCTCTGAGAACAGAGCTCACTGAGGCCAGAGTCCAGGTTTGGTTCCAGAATCGAAGAGCAAAATGGAGAAAAAGAGAACGCTATGGTCAGATCCAGCAAGCCAAGAGCCACTTTGCTGCCACCTATGATATATCTGTTCTTCCAAGGACTGACAGCTACCCTCAGGTTCAGAACAATCTGTGGGCAGGGAATGCGGCCAGTGGTTCTGTGGTTACCTCCTGCATGCTGCCACGAGATACGTCCTCCTGTATGACACCTTACTCCCATTCACCCCGGACAGATTCTGGCTACACAGGCTTTTCAAACCACCAGAATCAATTTAGCCACATGCCCCTCAATAATTTTTTCACTGACTCATTGCTTTCTGGGGCAACCAATGGACATGCTTTTGAAACCAAGCCAGAGTTTGAAAGGAGGTCCTCCAGCATTGCAGTTCTACGGATGAAAGCCAAAGAGCATGCTGCCAATATTTCTTGGGCCATGTAATATAGCAGTACCTTCTCTTTTTTTTTTTTNAAGCAAACTAAAACCATTTTTATTTCCCATATTTAAAGGGAACAACAATAAGCTGCTGTGTGTGGAATGCTAGAAATCACAATATACACGATGTCTGCTTTAAGAAATGCAATATAATATTTAACAATAAACCAAGAATAAACCAAATAGATTTACCATGCATCAAGCTCAACAAGCCCTCTTTGTTTTGCTTTTTATATATGTTTTGTTGTACCAGTTGATGAAATATGATTATAGAACCTGAAAAAAAATAAAACTACTAAGCAA,1.329,pointed
G.difficilis,G.difficilis_P6,B,TGATTATGGATTTTCTGAGCGAGAAGTTTGCCCAAAAATGAAGAGCCAGCCGAGCAAGAACAGTGACTTTTATATGGGAGCAGGAGGCAGTTTGGAGCACGTTATGGAAACTTTGGACAATGAGTCCTTTTATAGCAAAACGTCAGGCAGCAAATGCGTGCAGGCCTTCAACCCTCTGCAAAGAGCGGAGCATCATGTGAGGCTGGAGAGGACATCGCCCTGCCAGGACACGAACGGGAACTACGGGATTACTAAAGTGGAAGGACAGCCTCTTCACACAGAGCTGAGCAGGCCCATGGACAATTGCAACAATCTCAGGATGTCTCCAGTGAAAGGGCTGCAGGAGAAGGGGGACCTGGATGAACTTGGTGATAAGTGTGACAGCAATGTCTCCAGCAGTAAGAAGAGGAGACACAGAACAACTTTCACCAGTTTGCAGCTGGAGGAACTGGAGAAAGTATTCCAGAAAACTCACTACCCTGATGTCTATGTAAGAGAACAGCTAGCTCTGAGAACAGAGCTCACTGAGGCCAGAGTCCAGGTTTGGTTCCAGAATCGAAGAGCAAAATGGAGAAAAAGAGAACGCTATGGTCAGATCCAGCAAGCCAAGAGCCACTTTGCTGCCACCTATGATATATCTGTTCTTCCAAGGACTGACAGCTACCCTCAGGTTCAGAACAATCTGTGGGCAGGGAATGCGGCCAGTGGTTCTGTGGTTACCTCCTGCATGCTGCCACGAGATACGTCCTCCTGTATGACACCTTACTCCCATTCACCCCGGACAGATTCTGGCTACACAGGCTTTTCAAACCACCAGAATCAATTTAGCCACATGCCCCTCAATAATTTTTTCACTGACTCATTGCTTTCTGGGGCAACCAATGGACATGCTTTTGAAACCAAGCCAGAGTTTGAAAGGAGGTCCTCCAGCATTGCAGTTCTACGGATGAAAGCCAAAGAGCATGCTGCCAATATTTCTTGGGCCATGTAATATAGCAGTACCTTCTCTTTTTTTTTTTTNAAGCAAACTAAAACCATTTTTATTTCCCATATTTAAAGGGAACAACAATAAGCTGCTGTGTGTGGAATGCTAGAAATCACAATATACACGATGTCTGCTTTAAGAAATGCAATATAATATTTAACAATAAACCAAGAATAAACCAAATAGATTTACCATGCATCAAGCTCAACAAGCCCTCTTTGTTTTGCTTTTTATATATGTTTTGTTGTACCAGTTGATGAAATATGATTATAGAACCTGAAAAAAAATAAAACTACTAAGCAA,1.186,pointed
G.difficilis,G.difficilis_P7,A,TGATTATGGATTTTCTGAGCGAGAAGTTTGCCCAAAAATGAAGAGCCAGCCGAGCAAGAACAGTGACTTTTATATGGGAGCAGGAGGCAGTTTGGAGCACGTTATGGAAACTTTGGACAATGAGTCCTTTTATAGCAAAACGTCAGGCAGCAAATGCGTGCAGGCCTTCAACCCTCTGCAAAGAGCGGAGCATCATGTGAGGCTGGAGAGGACATCNCCCTGCCAGGACACNAACGGGAACTACGGGATTACTAAAGTGGAAGGACAGCCTCTTCACACAGAGCTGAGCAGGCCCATGGACAATTGCAACAATCTCAGGATGTCTCCAGTGAAAGGGCTGCAGGAGAAGGGGGACCTGGATGAACTTGGTGATAAGTGTGACAGCAATGTCTCCAGCAGTAAGAAGAGGAGACACAGAACAACTTTCACCAGTTTGCAGCTGGAGGAACTGGAGAAAGTATTCCAGAAAACTCACTACCCTGATGTCTATGTAAGAGAACAGCTAGCTCTGAGAACAGAGCTCACTGAGGCCAGAGTCCAGGTTTGGTTCCAGAATCGAAGAGCAAAATGGAGAAAAAGAGAACGCTATGGTCAGATCCAGCAAGCCAAGAGCCACTTTGCTGCCACCTATGATATATCTGTTCTTCCAAGGACTGACAGCTACCCTCAGGTTCAGAACAATCTGTGGGCAGGGAATGCGGCCAGTGGTTCTGTGGTTACCTCCTGCATGCTGCCACGAGATACNTCCTCCTGTATGACACCTTACTCCCATTCACCCCGGACAGATTCTGGCTACACAGGCTTTTCAAACCACCAGAATCAATTTAGCCACATGCCCCTCAATAATTTTTTCACTGACTCATTGCTTTCTGGGGCAACCAATGGACATGCTTTTGAAACCAAGCCAGAGTTTGAAAGGAGGTCCTCCAGCATTGCAGTTCTACGGATGAAAGCCAAAGAGCATGCTGCCAATATTTCTTGGGCCATGTAATATAGCAGTACCTTCTCTTTTTTTTTTTTAAAGCAAACTAAAACCNTTTTTATTTCCCATATTTAAAGGGAACAACAATAAGCTGCTGTGTGTGGAATGCTAGAAATCACAATATACACGATGTCTGCTTTAAGAAATGCAATATAATATTTAACAATAAACCAAGAATAAACCAAATAGATTTACCATGCATCAAGCTCAACAAGCCCTCTTTGTTTTGCTTTTTATATATGTTTTGTTGTACCAGTTGATGAAATATGATTATAGAACCTGAAAAAAAATAAAACTACTAAGCAA,1.494,pointed
G.difficilis,G.difficilis_P7,B,TGATTATGGATTTTCTGAGCGAGAAGTTTGCCCAAAAATGAAGAGCCAGCCGAGCAAGAACAGTGACTTTTATATGGGAGCAGGAGGCAGTTTGGAGCACGTTATGGAAACTTTGGACAATGAGTCCTTTTATAGCAAAACGTCAGGCAGCAAATGCGTGCAGGCCTTCAACCCTCTGCAAAGAGCGGAGCATCATGTGAGGCTGGAGAGGACATCNCCCTGCCAGGACACNAACGGGAACTACGGGATTACTAAAGTGGAAGGACAGCCTCTTCACACAGAGCTGAGCAGGCCCATGGACAATTGCAACAATCTCAGGATGTCTCCAGTGAAAGGGCTGCAGGAGAAGGGGGACCTGGATGAACTTGGTGATAAGTGTGACAGCAATGTCTCCAGCAGTAAGAAGAGGAGACACAGAACAACTTTCACCAGTTTGCAGCTGGAGGAACTGGAGAAAGTATTCCAGAAAACTCACTACCCTGATGTCTATGTAAGAGAACAGCTAGCTCTGAGAACAGAGCTCACTGAGGCCAGAGTCCAGGTTTGGTTCCAGAATCGAAGAGCAAAATGGAGAAAAAGAGAACGCTATGGTCAGATCCAGCAAGCCAAGAGCCACTTTGCTGCCACCTATGATATATCTGTTCTTCCAAGGACTGACAGCTACCCTCAGGTTCAGAACAATCTGTGGGCAGGGAATGCGGCCAGTGGTTCTGTGGTTACCTCCTGCATGCTGCCACGAGATACNTCCTCCTGTATGACACCTTACTCCCATTCACCCCGGACAGATTCTGGCTACACAGGCTTTTCAAACCACCAGAATCAATTTAGCCACATGCCCCTCAATAATTTTTTCACTGACTCATTGCTTTCTGGGGCAACCAATGGACATGCTTTTGAAACCAAGCCAGAGTTTGAAAGGAGGTCCTCCAGCATTGCAGTTCTACGGATGAAAGCCAAAGAGCATGCTGCCAATATTTCTTGGGCCATGTAATATAGCAGTACCTTCTCTTTTTTTTTTTTAAAGCAAACTAAAACCNTTTTTATTTCCCATATTTAAAGGGAACAACAATAAGCTGCTGTGTGTGGAATGCTAGAAATCACAATATACACGATGTCTGCTTTAAGAAATGCAATATAATATTTAACAATAAACCAAGAATAAACGAAATAGATTTACCATGCATCAAGCTCAACAAGCCCTCTTTGTTTTGCTTTTTATATATGTTTTGTTGTACCAGTTGATGAAATATGATTATAGAACCTGAAAAAAAATAAAACTACTAAGCAA,1.394,pointed
G.difficilis,G.difficilis_P9,A,TGATTATGGATTTTCTGAGCGAGAAGTTTGCCCAAAAATGAANAGCCAGCCGAGCAAGAACAGTGACTTTTATATGGGAGCAGGAGGCAGTTTGGAGCACGTTATGGAAACTTTGGACAATGAGTCCTTTTATAGCAAAACGTCAGGCAGCAAATGCGTGCAGGCCTTCAACCCTCTGCAAAGAGCGGAGCATCATGTGAGGCTGGAGAGGACATCNCCCTGCCAGGACACNAACGGGAACTACGGGATTACTAAAGTGGAAGGACAGCCTCTTCACACAGAGCTGAGCAGGCCCATGGACAATTGCAACAATCTCAGGATGTCTCCAGTGAAAGGGCTGCAGGAGAAGGGGGACCTGGATGAACTTGGTGATAAGTGTGACAGCAATGTCTCCAGCAGTAAGAAGAGGAGACACAGAACAACTTTCACCAGTTTGCAGCTGGAGGAACTGGAGAAAGTATTCCAGAAAACTCACTACCCTGATGTCTATGTAAGAGAACAGCTAGCTCTGAGAACAGAGCTCACTGAGGCCAGAGTCCAGGTTTGGTTCCAGAATCGAAGAGCAAAATGGAGAAAAAGAGAACGCTATGGTCAGATCCAGCAAGCCAAGAGCCACTTTGCTGCCACCTATGATATATCTGTTCTTCCAAGGACTGACAGCTACCCTCAGGTTCAGAACAATCTGTGGGCAGGGAATGCGGCCAGTGGTTCTGTGGTTACCTCCTGCATGCTGCCACGAGATACGTCCTCCTGTATGACACCTTACTCCCATTCACCCCGGACAGATTCTGGCTACACAGGCTTTTCAAACCACCAGAATCAATTTAGCCACATGCCCCTCAATAANTTTTTCACTGACTCATTGCTTTCTGGGGCAACCAATGGACATGCTTTTGAAACCAAGCCAGAGTTTGAAAGGAGGTCCTCCAGCATTGCAGTTCTACGGATGAAAGCCAAAGAGCATGCTGCCAATATTTCTTGGGCCATGTAATATAGCAGTACCTTCTCTTTTTTTTTTTTAAAGCAAACTAAAACCATTTTTATTTCCCATATTTAAAGGGAACAACAATAAGCTGCTGTGTGTGGAATGCTAGAAATCACAATATACACGATGTCTGCTTTAAGAAATGCAATATAATATTTAACAATAAACCAAGAATAAACCAAATAGATTTACCATGCATCAAGCTCAACAAGCCCTCTTTGTTTTGCTTTTTATATATGTTTTGTTGTACCAGTTGATGAAATATGATTATAGAACCTGAAAAAAAATAAAACTACTAAGCAA,0.912,pointed
G.difficilis,G.difficilis_P9,B,TGATTATGGATTTTCTGAGCGAGAAGTTTGCCCAAAAATGAANAGCCAGCCGAGCAAGAACAGTGACTTTTATATGGGAGCAGGAGGCAGTTTGGAGCACGTTATGGAAACTTTGGACAATGAGTCCTTTTATAGCAAAACGTCAGGCAGCAAATGCGTGCAGGCCTTCAACCCTCTGCAAAGAGCGGAGCATCATGTGAGGCTGGAGAGGACATCNCCCTGCCAGGACACNAACGGGAACTACGGGATTACTAAAGTGGAAGGACAGCCTCTTCACACAGAGCTGAGCAGGCCCATGGACAATTGCAACAATCTCAGGATGTCTCCAGTGAAAGGGCTGCAGGAGAAGGGGGACCTGGATGAACTTGGTGATAAGTGTGACAGCAATGTCTCCAGCAGTAAGAAGAGGAGACACAGAACAACTTTCACCAGTTTGCAGCTGGAGGAACTGGAGAAAGTATTCCAGAAAACTCACTACCCTGATGTCTATGTAAGAGAACAGCTAGCTCTGAGAACAGAGCTCACTGAGGCCAGAGTCCAGGTTTGGTTCCAGAATCGAAGAGCAAAATGGAGAAAAAGAGAACGCTATGGTCAGATCCAGCAAGCCAAGAGCCACTTTGCTGCCACCTATGATATATCTGTTCTTCCAAGGACTGACAGCTACCCTCAGGTTCAGAACAATCTGTGGGCAGGGAATGCGGCCAGTGGTTCTGTGGTTACCTCCTGCATGCTGCCACGAGATACGTCCTCCTGTATGACACCTTACTCCCATTCACCCCGGACAGATTCTGGCTACACAGGCTTTTCAAACCACCAGAATCAATTTAGCCACATGCCCCTCAATAANTTTTTCACTGACTCATTGCTTTCTGGGGCAACCAATGGACATGCTTTTGAAACCAAGCCAGAGTTTGAAAGGAGGTCCTCCAGCATTGCAGTTCTACGGATGAAAGCCAAAGAGCATGCTGCCAATATTTCTTGGGCCATGTAATATAGCAGTACCTTCTCTTTTTTTTTTTTAAAGCAAACTAAAACCATTTTTATTTCCCATATTTAAAGGGAACAACAATAAGCTGCTGTGTGTGGAATGCTAGAAATCACAATATACACGATGTCTGCTTTAAGAAATGCAATATAATATTTAACAATAAACCAAGAATAAACCAAATAGATTTACCATGCATCAAGCTCAACAAGCCCTCTTTGTTTTGCTTTTTATATATGTTTTGTTGTACCAGTTGATGAAATATGATTATAGAACCTGAAAAAAAATAAAACTACTAAGCAA,1.485,pointed
L.noctis,L.noctis6,A,TGATTATGGATTTTCTGAGCGAGAAGTTTGCCCCCCCCTGAANAGCCAGCCGAGCAAGAACAGTGACTTTTATATGGGAGCAGGAGGCAGTTTGGAGCACGTTATGGAAACTTTGGACAATGAGTCCTTTTATAGCAAAACGTCAGGCAGCAAATGCGTGCAGGCCTTCAACNCTCTGCAAAGAGCGGAGCATCATGTGAGGCTGGAGAGGACATCNCCCTGCCAGGACACNAACGGGAACTACGGGATTACTAAAGTGGAAGGACAGCCTCTTCACACAGAGCTGANCAGGCCCATGGACAATTGCAACAATCTCAGGATGTCTCCAGTGAAAGGGCNGCAGGAGAAGNGGGACCTGGATGAACTTGGTGATAAGTGTGACAGCAATGTCTCCAGCAGTAAGAAGAGGAGACACAGAACAACTTTCACCAGTTTGCAGCTGGAGGAACTGGAGAAAGTATTCCAGAAAACTCACTACCCTGATGTCTATGTAAGAGAACAGCTAGCTCTGAGAACAGAGCTCACTGAGGCCAGAGTCCAGGTTTGGTTCCAGAATCGAAGAGCAAAATGGAGAAAAAGAGAACGCTATGGTCAGATCCAGCAAGCCAAGAGCCACTTTGCTGCCACCTATGATATATCTGTTCTTCCAAGGACTGACAGNTACCCTCAGGTTCAGAACAATCTGTGGGCAGGGAATGCGGCCAGTGGTTCTGTGGTTACCTCCTGCATGCTGCCACGAGATACATCCTCCTGTATGACACCTTACTCCCATTCACCCCGGACAGATTCTGGCTACACAGGCTTTTCAAACCACCAGAATCAATTTAGCCACATGCCCCTCAATAATTTTTTCACTGACTCATTGCTTTCTGGGGCAACCAATGGACATGCTTTTGAAACCAAGCCAGAGTTTGAAAGGAGGTCCTCCAGCATTGCAGTTCTACGGATGAAAGCCAAAGAGCATGCTGCCAATATTTCTTGGGCCATGTAATATAGCAGTACCTTCTCTTTTTTTTTTTTNAAGCAAACTAAAACCATTTTTATTTCCCATATTTAAAGGGAACAACAATAAGCTGCTGTGTGTGGAATGCTAGAAATCACAATATACACGATGTCTGCTTTGAGAAATGCAATATAATATTTAACAATAAACCAAGAATAAACCAAATAGATTTACCATGCATCAAGCTCAACAAGCCCTCTTTGTTTTGCTTTTTATATATGTTTTGTTGTACCAGTTGATGAAATATGATTATAGAACCTGAAAAAAAATAAAACTACTAAGCAA,2.151,deep_wide
L.noctis,L.noctis6,B,TGATTATGGATTTTCTGAGCGAGAAGTTTGCCCCCCCCTGAANAGCCAGCCGAGCAAGAACAGTGACTTTTATATGGGAGCAGGAGGCAGTTTGGAGCACGTTATGGAAACTTTGGACAATGAGTCCTTTTATAGCAAAACGTCAGGCAGCAAATGCGTGCAGGCCTTCAACNCTCTGCAAAGAGCGGAGCATCATGTGAGGCTGGAGAGGACATCNCCCTGCCAGGACACNAACGGGAACTACGGGATTACTAAAGTGGAAGGACAGCCTCTTCACACAGAGCTGANCAGGCCCATGGACAATTGCAACAATCTCAGGATGTCTCCAGTGAAAGGGCNGCAGGAGAAGNGGGACCTGGATGAACTTGGTGATAAGTGTGACAGCAATGTCTCCAGCAGTAAGAAGAGGAGACACAGAACAACTTTCACCAGTTTGCAGCTGGAGGAACTGGAGAAAGTATTCCAGAAAACTCACTACCCTGATGTCTATGTAAGAGAACAGCTAGCTCTGAGAACAGAGCTCACTGAGGCCAGAGTCCAGGTTTGGTTCCAGAATCGAAGAGCAAAATGGAGAAAAAGAGAACGCTATGGTCAGATCCAGCAAGCCAAGAGCCACTTTGCTGCCACCTATGATATATCTGTTCTTCCAAGGACTGACAGNTACCCTCAGGTTCAGAACAATCTGTGGGCAGGGAATGCGGCCAGTGGTTCTGTGGTTACCTCCTGCATGCTGCCACGAGATACATCCTCCTGTATGACACCTTACTCCCATTCACCCCGGACAGATTCTGGCTACACAGGCTTTTCAAACCACCAGAATCAATTTAGCCACATGCCCCTCAATAATTTTTTCACTGACTCATTGCTTTCTGGGGCAACCAATGGACATGCTTTTGAAACCAAGCCAGAGTTTGAAAGGAGGTCCTCCAGCATTGCAGTTCTACGGATGAAAGCCAAAGAGCATGCTGCCAATATTTCTTGGGCCATGTAATATAGCAGTACCTTCTCTTTTTTTTTTTTNAAGCAAACTAAAACCATTTTTATTTCCCATATTTAAAGGGAACAACAATAAGCTGCTGTGTGTGGAATGCTAGAAATCACAATATACACGATGTCTGCTTTGAGAAATGCAATATAATATTTAACAATAAACCAAGAATAAACCAAATAGATTTACCATGCATCAAGCTCAACAAGCCCTCTTTGTTTTGCTTTTTATATATGTTTTGTTGTACCAGTTGATGAAATATGATTATAGAACCTGAAAAAAAATAAAACTACTAAGCAA,2.426,deep_wide
G.magnirostris,G.magnirostris11,A,TGATTATGGATTTTCTGAGCGAGAAGTTTGCCCCCCCCTGAANAGCCAGCCGAGCAAGAACAGTGACTTTTATATGGGAGCAGGAGGCAGTTTGGAGCACGTTATGGAAACTTTGGACAATGAGTCCTTTTATAGCAAAACGTCAGGCAGCAAATGCGTGCAGGCCTTCAACNCTCTGCAAAGAGCGGAGCATCATGTGAGGCTGGAGAGGACATCNCCCTGCCAGGACACNAACGGGAACTACGGGATTACTAAAGTGGAAGGACAGCCTCTTCACACAGAGCTGANCAGGCCCATGGACAATTGCAACAATCTCAGGATGTCTCCAGTGAAAGGGCCGCAGGAGAAGNGGGACCTGGATGAACTTGGTGATAAGTGTGACAGCAATGTCTCCAGCAGTAAGAAGAGGAGACACAGAACAACTTTCACCAGTTTGCAGCTGGAGGAACTGGAGAAAGTATTCCAGAAAACTCACTACCCTGATGTCTATGTAAGAGAACAGCTAGCTCTGAGAACAGAGCTCACTGAGGCCAGAGTCCAGGTTTGGTTCCAGAATCGAAGAGCAAAATGGAGAAAAAGAGAACGCTATGGTCAGATCCAGCAAGCCAAGAGCCACTTTGCTGCCACCTATGATGTATCTGTTCTTCCAAGGACTGACAGCTACCCTCAGGTTCAGAACAATCTGTGGGCAGGGAATGCGGCCAGTGGTTCTGTGGTTACCTCCTGCATGCTGCCACGAGATACGTCCTCCTGTATGACACCTTACTCCCATTCACCCCGGACAGATTCTGGCTACACAGGCTTTTCAAACCACCAGAATCAATTTAGCCACATGCCCCTCAATAATTTTTTCACTGACTCATTGCTTTCTGGGGCAACCAATGGACATGCTTTTGAAACCAAGCCAGAGTTTGAAAGGAGGTCCTCCAGCATTGCAGTTCTACGGATGAAAGCCAAAGAGCATGCTGCCAATATTTCTTGGGCCATGTAATATAGCAGTACCTTCTCTTTTTTTTTTTTAAAGCAAACTAAAACCATTTTTATTTCCCATATTTAAAGGGAACAACAATAAGCTGCTGTGTGTGGAATGCTAGAAATCACAATATACACGATGTCTGCTTTAAGAAATGCAATATAATATTTAACAATAAACCAAGAATAAACNAAATAGATTTACCATGCATCAAGCTCAACAAGCCCTCTTTGTTTTGCTTTTTATATATGTTTTGTTGTACCAGTTGATGAAATATGATTATAGAACCTGAAAAAAAATAAAACTACTAAGCAA,-0.031,blunt
G.magnirostris,G.magnirostris11,B,TGATTATGGATTTTCTGAGCGAGAAGTTTGCCCCCCCCTGAANAGCCAGCCGAGCAAGAACAGTGACTTTTATATGGGAGCAGGAGGCAGTTTGGAGCACGTTATGGAAACTTTGGACAATGAGTCCTTTTATAGCAAAACGTCAGGCAGCAAATGCGTGCAGGCCTTCAACNCTCTGCAAAGAGCGGAGCATCATGTGAGGCTGGAGAGGACATCNCCCTGCCAGGACACNAACGGGAACTACGGGATTACTAAAGTGGAAGGACAGCCTCTTCACACAGAGCTGANCAGGCCCATGGACAATTGCAACAATCTCAGGATGTCTCCAGTGAAAGGGCCGCAGGAGAAGNGGGACCTGGATGAACTTGGTGATAAGTGTGACAGCAATGTCTCCAGCAGTAAGAAGAGGAGACACAGAACAACTTTCACCAGTTTGCAGCTGGAGGAACTGGAGAAAGTATTCCAGAAAACTCACTACCCTGATGTCTATGTAAGAGAACAGCTAGCTCTGAGAACAGAGCTCACTGAGGCCAGAGTCCAGGTTTGGTTCCAGAATCGAAGAGCAAAATGGAGAAAAAGAGAACGCTATGGTCAGATCCAGCAAGCCAAGAGCCACTTTGCTGCCACCTATGATGTATCTGTTCTTCCAAGGACTGACAGCTACCCTCAGGTTCAGAACAATCTGTGGGCAGGGAATGCGGCCAGTGGTTCTGTGGTTACCTCCTGCATGCTGCCACGAGATACGTCCTCCTGTATGACACCTTACTCCCATTCACCCCGGACAGATTCTGGCTACACAGGCTTTTCAAACCACCAGAATCAATTTAGCCACATGCCCCTCAATAATTTTTTCACTGACTCATTGCTTTCTGGGGCAACCAATGGACATGCTTTTGAAACCAAGCCAGAGTTTGAAAGGAGGTCCTCCAGCATTGCAGTTCTACGGATGAAAGCCAAAGAGCATGCTGCCAATATTTCTTGGGCCATGTAATATAGCAGTACCTTCTCTTTTTTTTTTTTAAAGCAAACTAAAACCATTTTTATTTCCCATATTTAAAGGGAACAACAATAAGCTGCTGTGTGTGGAATGCTAGAAATCACAATATACACGATGTCTGCTTTAAGAAATGCAATATAATATTTAACAATAAACCAAGAATAAACNAAATAGATTTACCATGCATCAAGCTCAACAAGCCCTCTTTGTTTTGCTTTTTATATATGTTTTGTTGTACCAGTTGATGAAATATGATTATAGAACCTGAAAAAAAATAAAACTACTAAGCAA,-0.023,blunt
G.magnirostris,G.magnirostris2,A,TGATTATGGATTTTCTGAGCGAGAAGTTTGCCCCCCCCTGAAGAGCCAGCCGAGCAAGAACAGTGACTTTTATATGGGAGCAGGAGGCAGTTTGGAGCACGTTATGGAAACTTTGGACAATGAGTCCTTTTATAGCAAAACGTCAGGCAGCAAATGCGTGCAGGCCTTCAACCCTCTGCAAAGAGCGGAGCATCATGTGAGGCTGGAGAGGACATCACCCTGCCAGGACACNAACGGGAACTACGGGATTACTAAAGTGGAAGGACAGCCTCTTCACACAGAGCTGANCAGGCCCATGGACAATTGCAACAATCTCAGGATGTCTCCAGTGAAAGGGCCGCAGGAGAAGGGGGACCTGGATGAACTTGGTGATAAGTGTGACAGCAATGTCTCCAGCAGTAAGAAGAGGAGACACAGAACAACTTTCACCAGTTTGCAGCTGGAGGAACTGGAGAAAGTATTCCAGAAAACTCACTACCCTGATGTCTATGTAAGAGAACAGCTAGCTCTGAGAACAGAGCTCACTGAGGCCAGAGTCCAGGTTTGGTTCCAGAATCGAAGAGCAAAATGGAGAAAAAGAGAACGCTATGGTCAGATCCAGCAAGCCAAGAGCCACTTTGCTGCCACCTATGATGTATCTGTTCTTCCAAGGACTGACAGCTACCCTCAGGTTCAGAACAATCTGTGGGCAGGGAATGCGGCCAGTGGTTCTGTGGTTACCTCCTGCATGCTGCCACGAGATACGTCCTCCTGTATGACACCTTACTCCCATTCACCCCGGACAGATTCTGGCTACACAGGCTTTTCAAACCACCAGAATCAATTTAGCCACATGCCCCTCAATAANTTTTTCACTGACTCATTGCTTTCTGGGGCAACCAATGGACATGCTTTTGAAACCAAGCCAGAGTTTGAAAGGAGGTCCTCCAGCATTGCAGTTCTACGGATGAAAGCCAAAGAGCATGCTGCCAATATTTCTTGGGCCATGTAATATAGCAGTACCTTCTCTTTTTTTTTTTTAAAGCAAACTAAAACCATTTTTATTTCCCATATTTAAAGGGAACAACAATAAGCTGCTGTGTGTGGAATGCTAGAAATCACAATATACACGATGTCTGCTTTAAGAAATGCAATATAATATTTAACAATAAACCAAGAATAAACCAAATAGATTTACCATGCATCAAGCTCAACAAGCCCTCTTTGTTTTGCTTTTTATATATGTTTTGTTGTACCAGTTGATGAAATATGATTATAGAACCTGAAAAAAAATAAAACTACTAAGCAA,-0.082,blunt
G.magnirostris,G.magnirostris2,B,TGATTATGGATTTTCTGAGCGAGAAGTTTGCCCCCCCCTGAAGAGCCAGCCGAGCAAGAACAGTGACTTTTATATGGGAGCAGGAGGCAGTTTGGAGCACGTTATGGAAACTTTGGACAATGAGTCCTTTTATAGCAAAACGTCAGGCAGCAAATGCGTGCAGGCCTTCAACCCTCTGCAAAGAGCGGAGCATCATGTGAGGCTGGAGAGGACATCACCCTGCCAGGACACNAACGGGAACTACGGGATTACTAAAGTGGAAGGACAGCCTCTTCACACAGAGCTGANCAGGCCCATGGACAATTGCAACAATCTCAGGATGTCTCCAGTGAAAGGGCCGCAGGAGAAGGGGGACCTGGATGAACTTGGTGATAAGTGTGACAGCAATGTCTCCAGCAGTAAGAAGAGGAGACACAGAACAACTTTCACCAGTTTGCAGCTGGAGGAACTGGAGAAAGTATTCCAGAAAACTCACTACCCTGATGTCTATGTAAGAGAACAGCTAGCTCTGAGAACAGAGCTCACTGAGGCCAGAGTCCAGGTTTGGTTCCAGAATCGAAGAGCAAAATGGAGAAAAAGAGAACGCTATGGTCAGATCCAGCAAGCCAAGAGCCACTTTGCTGCCACCTATGATGTATCTGTTCTTCCAAGGACTGACAGCTACCCTCAGGTTCAGAACAATCTGTGGGCAGGGAATGCGGCCAGTGGTTCTGTGGTTACCTCCTGCATGCTGCCACGAGATACGTCCTCCTGTATGACACCTTACTCCCATTCACCCCGGACAGATTCTGGCTACACAGGCTTTTCAAACCACCAGAATCAATTTAGCCACATGCCCCTCAATAANTTTTTCACTGACTCATTGCTTTCTGGGGCAACCAATGGACATGCTTTTGAAACCAAGCCAGAGTTTGAAAGGAGGTCCTCCAGCATTGCAGTTCTACGGATGAAAGCCAAAGAGCATGCTGCCAATATTTCTTGGGCCATGTAATATAGCAGTACCTTCTCTTTTTTTTTTTTAAAGCAAACTAAAACCATTTTTATTTCCCATATTTAAAGGGAACAACAATAAGCTGCTGTGTGTGGAATGCTAGAAATCACAATATACACGATGTCTGCTTTAAGAAATGCAATATAATATTTAACAATAAACCAAGAATAAACCAAATAGATTTACCATGCATCAAGCTCAACAAGCCCTCTTTGTTTTGCTTTTTATATATGTTTTGTTGTACCAGTTGATGAAATATGATTATAGAACCTGAAAAAAAATAAAACTACTAAGCAA,-0.072,blunt
G.magnirostris,G.magnirostris3,A,TGATTATGGATTTTCTGAGCGAGAAGTTTGCCCCCCCCTGAAGAGCCAGCCGAGCAAGAACAGTGACTTTTATATGGGAGCAGGAGGCAGTTTGGAGCACGTTATGGAAACTTTGGACAATGAGTCCTTTTATAGCAAAACGTCAGGCAGCAAATGCGTGCAGGCCTTCAACCCTCTGCAAAGAGCGGAGCATCATGTGAGGCTGGAGAGGACATCNCCCTGCCAGGACACNAACGGGAACTACGGGATTACTAAAGTGGAAGGACAGCCTCTTCACACAGAGCTGANCAGGCCCATGGACAATTGCAACAATCTCAGGATGTCTCCAGTGAAAGGGCNGCAGGAGAAGNGGGACCTGGATGAACTTGGTGATAAGTGTGACAGCAATGTCTCCAGCAGTAAGAAGAGGAGACACAGAACAACTTTCACCAGTTTGCAGCTGGAGGAACTGGAGAAAGTATTCCAGAAAACTCACTACCCTGATGTCTATGTAAGAGAACAGCTAGCTCTGAGAACAGAGCTCACTGAGGCCAGAGTCCAGGTTTGGTTCCAGAATCGAAGAGCAAAATGGAGAAAAAGAGAACGCTATGGTCAGATCCAGCAAGCCAAGAGCCACTTTGCTGCCACCTATGATNTATCTGTTCTTCCAAGGACTGACAGCTACCCTCAGGTTCAGAACAATCTGTGGGCAGGGAATGCGGCCAGTGGTTCTGTGGTTACCTCCTGCATGCTGCCACGAGATACNTCCTCCTGTATGACACCTTACTCCCATTCACCCCGGACAGATTCTGGCTACACAGGCTTTTCAAACCACCAGAATCAATTTAGCCACATGCCCCTCAATAATTTTTTCACTGACTCATTGCTTTCTGGGGCAACCAATGGACATGCTTTTGAAACCAAGCCAGAGTTTGAAAGGAGGTCCTCCAGCATTGCAGTTCTACGGATGAAAGCCAAAGAGCATGCTGCCAATATTTCTTGGGCCATGTAATATAGCAGTACCTTCTCTTTTTTTTTTTTNAAGCAAACTAAAACCATTTTTATTTCCCATATTTAAAGGGAACAACAATAAGCTGCTGTGTGTGGAATGCTAGAAATCACAATATACACGATGTCTGCNTTNAGAAATGCAATATAATATTTAACAATAAACCAAGAATAAACNAAATAGATTTACCATGCATCAAGCTCAACAAGCCCTCTTTGTTTTGCTTTTTNTATATGTTTTGTTGTACCAGTTGATGAAATATGATTATAGAACCTGAAAAAAAATAAAACTACTAAGCAA,-0.055,blunt
G.magnirostris,G.magnirostris3,B,TGATTATGGATTTTCTGAGCGAGAAGTTTGCCCCCCCCTGAAGAGCCAGCCGAGCAAGAACAGTGACTTTTATATGGGAGCAGGAGGCAGTTTGGAGCACGTTATGGAAACTTTGGACAATGAGTCCTTTTATAGCAAAACGTCAGGCAGCAAATGCGTGCAGGCCTTCAACCCTCTGCAAAGAGCGGAGCATCATGTGAGGCTGGAGAGGACATCNCCCTGCCAGGACACNAACGGGAACTACGGGATTACTAAAGTGGAAGGACAGCCTCTTCACACAGAGCTGANCAGGCCCATGGACAATTGCAACAATCTCAGGATGTCTCCAGTGAAAGGGCNGCAGGAGAAGNGGGACCTGGATGAACTTGGTGATAAGTGTGACAGCAATGTCTCCAGCAGTAAGAAGAGGAGACACAGAACAACTTTCACCAGTTTGCAGCTGGAGGAACTGGAGAAAGTATTCCAGAAAACTCACTACCCTGATGTCTATGTAAGAGAACAGCTAGCTCTGAGAACAGAGCTCACTGAGGCCAGAGTCCAGGTTTGGTTCCAGAATCGAAGAGCAAAATGGAGAAAAAGAGAACGCTATGGTCAGATCCAGCAAGCCAAGAGCCACTTTGCTGCCACCTATGATNTATCTGTTCTTCCAAGGACTGACAGCTACCCTCAGGTTCAGAACAATCTGTGGGCAGGGAATGCGGCCAGTGGTTCTGTGGTTACCTCCTGCATGCTGCCACGAGATACNTCCTCCTGTATGACACCTTACTCCCATTCACCCCGGACAGATTCTGGCTACACAGGCTTTTCAAACCACCAGAATCAATTTAGCCACATGCCCCTCAATAATTTTTTCACTGACTCATTGCTTTCTGGGGCAACCAATGGACATGCTTTTGAAACCAAGCCAGAGTTTGAAAGGAGGTCCTCCAGCATTGCAGTTCTACGGATGAAAGCCAAAGAGCATGCTGCCAATATTTCTTGGGCCATGTAATATAGCAGTACCTTCTCTTTTTTTTTTTTNAAGCAAACTAAAACCATTTTTATTTCCCATATTTAAAGGGAACAACAATAAGCTGCTGTGTGTGGAATGCTAGAAATCACAATATACACGATGTCTGCNTTNAGAAATGCAATATAATATTTAACAATAAACCAAGAATAAACNAAATAGATTTACCATGCATCAAGCTCAACAAGCCCTCTTTGTTTTGCTTTTTNTATATGTTTTGTTGTACCAGTTGATGAAATATGATTATAGAACCTGAAAAAAAATAAAACTACTAAGCAA,-0.075,blunt
G.magnirostris,G.magnirostris4,A,TGATTATGGATTTTCTGAGCGAGAAGTTTGCCCCCCCCTGAAGAGCCAGCCGAGCAAGAACAGTGACTTTTATATGGGAGCAGGAGGCAGTTTGGAGCACGTTATGGAAACTTTGGACAATGAGTCCTTTTATAGCAAAACGTCAGGCAGCAAATGCGTGCAGGCCTTCAACNCTCTGCAAAGAGCGGAGCATCATGTGAGGCTGGAGAGGACATCNCCCTGCCAGGACACNAACGGGAACTACGGGATTACTAAAGTGGAAGGACAGCCTCTTCACACAGAGCTGANCAGGCCCATGGACAATTGCAACAATCTCAGGATGTCTCCAGTGAAAGGGCCGCAGGAGAAGGGGGACCTGGATGAACTTGGTGATAAGTGTGACAGCAATGTCTCCAGCAGTAAGAAGAGGAGACACAGAACAACTTTCACCAGTTTGCAGCTGGAGGAACTGGAGAAAGTATTCCAGAAAACTCACTACCCTGATGTCTATGTAAGAGAACAGCTAGCTCTGAGAACAGAGCTCACTGAGGCCAGAGTCCAGGTTTGGTTCCAGAATCGAAGAGCAAAATGGAGAAAAAGAGAACGCTATGGTCAGATCCAGCAAGCCAAGAGCCACTTTGCTGCCACCTATGATGTATCTGTTCTTCCAAGGACTGACAGCTACCCTCAGGTTCAGAACAATCTGTGGGCAGGGAATGCGGCCAGTGGTTCTGTGGTTACCTCCTGCATGCTGCCACGAGATACNTCCTCCTGTATGACACCTTACTCCCATTCACCCCGGACAGATTCTGGCTACACAGGCTTTTCAAACCACCAGAATCAATTTAGCCACATGCCCCTCAATAANTTTTTCACTGACTCATTGCTTTCTGGGGCAACCAATGGACATGCTTTTGAAACCAAGCCAGAGTTTGAAAGGAGGTCCTCCAGCATTGCAGTTCTACGGATGAAAGCCAAAGAGCATGCTGCCAATATTTCTTGGGCCATGTAATATAGCAGTACCTTCTCTTTTTTTTTTTTNAAGCAAACTAAAACCATTTTTATTTCCCATATTTAAAGGGAACAACAATAAGCTGCTGTGTGTGGAATGCTAGAAATCACAATATACACNATGTCTGCNTTNAGAAATGCAATATAATATTTAACAATAAACCAAGAATAAACNAAATAGATTTACCATGCATCAAGCTCAACAAGCCCTCTTTGTTTTGCTTTTTNTATATGTTTTGTTGTACCAGTTGATGAAATATGATTATAGAACCTGAAAAAAAATAAAACTACTAAGCAA,-0.016,blunt
G.magnirostris,G.magnirostris4,B,TGATTATGGATTTTCTGAGCGAGAAGTTTGCCCCCCCCTGAAGAGCCAGCCGAGCAAGAACAGTGACTTTTATATGGGAGCAGGAGGCAGTTTGGAGCACGTTATGGAAACTTTGGACAATGAGTCCTTTTATAGCAAAACGTCAGGCAGCAAATGCGTGCAGGCCTTCAACNCTCTGCAAAGAGCGGAGCATCATGTGAGGCTGGAGAGGACATCNCCCTGCCAGGACACNAACGGGAACTACGGGATTACTAAAGTGGAAGGACAGCCTCTTCACACAGAGCTGANCAGGCCCATGGACAATTGCAACAATCTCAGGATGTCTCCAGTGAAAGGGCCGCAGGAGAAGGGGGACCTGGATGAACTTGGTGATAAGTGTGACAGCAATGTCTCCAGCAGTAAGAAGAGGAGACACAGAACAACTTTCACCAGTTTGCAGCTGGAGGAACTGGAGAAAGTATTCCAGAAAACTCACTACCCTGATGTCTATGTAAGAGAACAGCTAGCTCTGAGAACAGAGCTCACTGAGGCCAGAGTCCAGGTTTGGTTCCAGAATCGAAGAGCAAAATGGAGAAAAAGAGAACGCTATGGTCAGATCCAGCAAGCCAAGAGCCACTTTGCTGCCACCTATGATGTATCTGTTCTTCCAAGGACTGACAGCTACCCTCAGGTTCAGAACAATCTGTGGGCAGGGAATGCGGCCAGTGGTTCTGTGGTTACCTCCTGCATGCTGCCACGAGATACNTCCTCCTGTATGACACCTTACTCCCATTCACCCCGGACAGATTCTGGCTACACAGGCTTTTCAAACCACCAGAATCAATTTAGCCACATGCCCCTCAATAANTTTTTCACTGACTCATTGCTTTCTGGGGCAACCAATGGACATGCTTTTGAAACCAAGCCAGAGTTTGAAAGGAGGTCCTCCAGCATTGCAGTTCTACGGATGAAAGCCAAAGAGCATGCTGCCAATATTTCTTGGGCCATGTAATATAGCAGTACCTTCTCTTTTTTTTTTTTNAAGCAAACTAAAACCATTTTTATTTCCCATATTTAAAGGGAACAACAATAAGCTGCTGTGTGTGGAATGCTAGAAATCACAATATACACNATGTCTGCNTTNAGAAATGCAATATAATATTTAACAATAAACCAAGAATAAACNAAATAGATTTACCATGCATCAAGCTCAACAAGCCCTCTTTGTTTTGCTTTTTNTATATGTTTTGTTGTACCAGTTGATGAAATATGATTATAGAACCTGAAAAAAAATAAAACTACTAAGCAA,-0.008,blunt
G.magnirostris,G.magnirostris7,A,TGATTATGGATTTTCTGAGCGAGAAGTTTGCCCCCCCCTGAAGAGCCAGCCGAGCAAGAACAGTGACTTTTATATGGGAGCAGGAGGCAGTTTGGAGCACGTTATGGAAACTTTGGACAATGAGTCCTTTTATAGCAAAACGTCAGGCAGCAAATGCGTGCAGGCCTTCAACNCTCTGCAAAGAGCGGAGCATCATGTGAGGCTGGAGAGGACATCNCCCTGCCAGGACACNAACGGGAACTACGGGATTACTAAAGTGGAAGGACAGCCTCTTCACACAGAGCTGAGCAGGCCCATGGACAATTGCAACAATCTCAGGATGTCTCCAGTGAAAGGGCNGCAGGAGAAGGGGGACCTGGATGAACTTGGTGATAAGTGTGACAGCAATGTCTCCAGCAGTAAGAAGAGGAGACACAGAACAACTTTCACCAGTTTGCAGCTGGAGGAACTGGAGAAAGTATTCCAGAAAACTCACTACCCTGATGTCTATGTAAGAGAACAGCTAGCTCTGAGAACAGAGCTCACTGAGGCCAGAGTCCAGGTTTGGTTCCAGAATCGAAGAGCAAAATGGAGAAAAAGAGAACGCTATGGTCAGATCCAGCAAGCCAAGAGCCACTTTGCTGCCACCTATGATNTATCTGTTCTTCCAAGGACTGACAGCTACCCTCAGGTTCAGAACAATCTGTGGGCAGGGAATGCGGCCAGTGGTTCTGTGGTTACCTCCTGCATGCTGCCACGAGATACNTCCTCCTGTATGACACCTTACTCCCATTCACCCCGGACAGATTCTGGCTACACAGGCTTTTCAAACCACCAGAATCAATTTAGCCACATGCCCCTCAATAATTTTTTCACTGACTCATTGCTTTCTGGGGCAACCAATGGACATGCTTTTGAAACCAAGCCAGAGTTTGAAAGGAGGTCCTCCAGCATTGCAGTTCTACGGATGAAAGCCAAAGAGCATGCTGCCAATATTTCTTGGGCCATGTAATATAGCAGTACCTTCTCTTTTTTTTTTTTAAAGCAAACTAAAACCATTTTTATTTCCCATATTTAAAGGGAACAACAATAAGCTGCTGTGTGTGGAATGCTAGAAATCACAATATACACGATGTCTGCTTTAAGAAATGCAATATAATATTTAACAATAAACCAAGAATAAACCAAATAGATTTACCATGCATCAAGCTCAACAAGCCCTCTTTGTTTTGCTTTTTATATATGTTTTGTTGTACCAGTTGATGAAATATGATTATAGAACCTGAAAAAAAATAAAACTACTAAGCAA,-0.075,blunt
G.magnirostris,G.magnirostris7,B,TGATTATGGATTTTCTGAGCGAGAAGTTTGCCCCCCCCTGAAGAGCCAGCCGAGCAAGAACAGTGACTTTTATATGGGAGCAGGAGGCAGTTTGGAGCACGTTATGGAAACTTTGGACAATGAGTCCTTTTATAGCAAAACGTCAGGCAGCAAATGCGTGCAGGCCTTCAACNCTCTGCAAAGAGCGGAGCATCATGTGAGGCTGGAGAGGACATCNCCCTGCCAGGACACNAACGGGAACTACGGGATTACTAAAGTGGAAGGACAGCCTCTTCACACAGAGCTGAGCAGGCCCATGGACAATTGCAACAATCTCAGGATGTCTCCAGTGAAAGGGCNGCAGGAGAAGGGGGACCTGGATGAACTTGGTGATAAGTGTGACAGCAATGTCTCCAGCAGTAAGAAGAGGAGACACAGAACAACTTTCACCAGTTTGCAGCTGGAGGAACTGGAGAAAGTATTCCAGAAAACTCACTACCCTGATGTCTATGTAAGAGAACAGCTAGCTCTGAGAACAGAGCTCACTGAGGCCAGAGTCCAGGTTTGGTTCCAGAATCGAAGAGCAAAATGGAGAAAAAGAGAACGCTATGGTCAGATCCAGCAAGCCAAGAGCCACTTTGCTGCCACCTATGATNTATCTGTTCTTCCAAGGACTGACAGCTACCCTCAGGTTCAGAACAATCTGTGGGCAGGGAATGCGGCCAGTGGTTCTGTGGTTACCTCCTGCATGCTGCCACGAGATACNTCCTCCTGTATGACACCTTACTCCCATTCACCCCGGACAGATTCTGGCTACACAGGCTTTTCAAACCACCAGAATCAATTTAGCCACATGCCCCTCAATAATTTTTTCACTGACTCATTGCTTTCTGGGGCAACCAATGGACATGCTTTTGAAACCAAGCCAGAGTTTGAAAGGAGGTCCTCCAGCATTGCAGTTCTACGGATGAAAGCCAAAGAGCATGCTGCCAATATTTCTTGGGCCATGTAATATAGCAGTACCTTCTCTTTTTTTTTTTTAAAGCAAACTAAAACCATTTTTATTTCCCATATTTAAAGGGAACAACAATAAGCTGCTGTGTGTGGAATGCTAGAAATCACAATATACACGATGTCTGCTTTAAGAAATGCAATATAATATTTAACAATAAACCAAGAATAAACCAAATAGATTTACCATGCATCAAGCTCAACAAGCCCTCTTTGTTTTGCTTTTTATATATGTTTTGTTGTACCAGTTGATGAAATATGATTATAGAACCTGAAAAAAAATAAAACTACTAAGCAA,-0.095,blunt
